group_id	group_size	taxon_name	date	latitude_rounded	longitude_rounded	field_data_id	sample_id	collector_fullname	date_created	date_updated
1	2	rhododendron brachyanthum	20250625084052	7.113073	46.032623	72614	dbgi_008728	Mazzarine Laboureau	2025-08-12T11:52:06.110Z	2025-12-28T16:50:53.722Z
1	2	rhododendron brachyanthum	20250625084052	7.113073	46.032623	72712	dbgi_97	Mazzarine Laboureau	2025-08-12T11:52:09.338Z	2025-08-14T14:03:03.376Z
2	2	paeonia mascula	20250625084138	7.11309	46.032585	72525	dbgi_006886	Émilie Lab	2025-08-12T11:52:03.096Z	2025-12-28T16:50:31.167Z
2	2	paeonia mascula	20250625084138	7.11309	46.032585	72664	dbgi_49	Émilie Lab	2025-08-12T11:52:07.778Z	2025-08-14T14:03:01.923Z
3	2	juniperus chinensis	20250625084401	7.113108	46.03258	72526	dbgi_006789	Émilie Lab	2025-08-12T11:52:03.128Z	2025-12-28T16:50:31.781Z
3	2	juniperus chinensis	20250625084401	7.113108	46.03258	72665	dbgi_50	Émilie Lab	2025-08-12T11:52:07.805Z	2025-08-14T14:03:01.949Z
4	2	omphalodes verna	20250625084410	7.113065	46.032623	72615	dbgi_008748	Mazzarine Laboureau	2025-08-12T11:52:06.138Z	2025-12-28T16:50:54.173Z
4	2	omphalodes verna	20250625084410	7.113065	46.032623	72713	dbgi_98	Mazzarine Laboureau	2025-08-12T11:52:09.370Z	2025-08-14T14:03:03.413Z
5	2	centaurea montana	20250625084553	7.113162	46.03259	72527	dbgi_006806	Émilie Lab	2025-08-12T11:52:03.155Z	2025-12-28T16:50:32.222Z
5	2	centaurea montana	20250625084553	7.113162	46.03259	72666	dbgi_51	Émilie Lab	2025-08-12T11:52:07.842Z	2025-08-14T14:03:01.978Z
6	2	androsaceae sarmentosa	20250625084610	7.11307	46.032616	72616	dbgi_008642	Mazzarine Laboureau	2025-08-12T11:52:06.170Z	2025-12-28T16:50:54.626Z
6	2	androsaceae sarmentosa	20250625084610	7.11307	46.032616	72714	dbgi_99	Mazzarine Laboureau	2025-08-12T11:52:09.404Z	2025-08-14T14:03:03.453Z
7	2	gymnocarpium dryopteris	20250625084828	7.113147	46.032635	72528	dbgi_008679	Émilie Lab	2025-08-12T11:52:03.186Z	2025-12-28T16:50:32.673Z
7	2	gymnocarpium dryopteris	20250625084828	7.113147	46.032635	72667	dbgi_52	Émilie Lab	2025-08-12T11:52:07.870Z	2025-08-14T14:03:02.002Z
8	2	anemone sylvestris	20250625084943	7.113078	46.032627	72617	dbgi_008753	Mazzarine Laboureau	2025-08-12T11:52:06.200Z	2025-12-28T16:50:55.070Z
8	2	anemone sylvestris	20250625084943	7.113078	46.032627	72715	dbgi_100	Mazzarine Laboureau	2025-08-12T11:52:09.438Z	2025-08-14T14:03:03.490Z
9	2	linum flavum	20250625085005	7.113162	46.03265	72529	dbgi_006792	Émilie Lab	2025-08-12T11:52:03.215Z	2025-12-28T16:50:33.121Z
9	2	linum flavum	20250625085005	7.113162	46.03265	72668	dbgi_53	Émilie Lab	2025-08-12T11:52:07.899Z	2025-08-14T14:03:02.028Z
10	2	euphorbia chamecyparissia	20250625085140	7.11308	46.03263	72618	dbgi_008738	Mazzarine Laboureau	2025-08-12T11:52:06.234Z	2025-12-28T16:50:55.655Z
10	2	euphorbia chamecyparissia	20250625085140	7.11308	46.03263	72716	dbgi_101	Mazzarine Laboureau	2025-08-12T11:52:09.474Z	2025-08-14T14:03:03.531Z
11	2	anthyllis montana	20250625085229	7.113125	46.032654	72530	dbgi_006877	Émilie Lab	2025-08-12T11:52:03.245Z	2025-12-28T16:50:33.626Z
11	2	anthyllis montana	20250625085229	7.113125	46.032654	72669	dbgi_54	Émilie Lab	2025-08-12T11:52:07.931Z	2025-08-14T14:03:02.052Z
12	2	dianthus subacaulis	20250625085752	7.113112	46.03263	72531	dbgi_006980	Émilie Lab	2025-08-12T11:52:03.272Z	2025-12-28T16:50:34.138Z
12	2	dianthus subacaulis	20250625085752	7.113112	46.03263	72670	dbgi_55	Émilie Lab	2025-08-12T11:52:07.962Z	2025-08-14T14:03:02.080Z
13	3	rhododendron violaceum	20250625090000	7.113113	46.03264	72532	dbgi_007037	Émilie Lab	2025-08-12T11:52:03.303Z	2025-12-28T16:50:34.659Z
13	3	rhododendron violaceum	20250625090000	7.113113	46.03264	72573	dbgi_7	Émilie Lab	2025-08-12T11:52:04.836Z	2025-08-14T14:02:58.996Z
13	3	rhododendron violaceum	20250625090000	7.113113	46.03264	72671	dbgi_56	Émilie Lab	2025-08-12T11:52:07.993Z	2025-08-14T14:03:02.103Z
14	3	oxalis valdiviensis	20250625090203	7.113112	46.032654	72533	dbgi_008683	Émilie Lab	2025-08-12T11:52:03.334Z	2025-12-28T16:50:35.160Z
14	3	oxalis valdiviensis	20250625090203	7.113112	46.032654	72574	dbgi_8	Émilie Lab	2025-08-12T11:52:04.874Z	2025-08-14T14:02:59.029Z
14	3	oxalis valdiviensis	20250625090203	7.113112	46.032654	72672	dbgi_57	Émilie Lab	2025-08-12T11:52:08.022Z	2025-08-14T14:03:02.128Z
15	2	euphorbia dulcis	20250625090337	7.113082	46.032623	72619	dbgi_008736	Mazzarine Laboureau	2025-08-12T11:52:06.269Z	2025-12-28T16:50:56.108Z
15	2	euphorbia dulcis	20250625090337	7.113082	46.032623	72717	dbgi_102	Mazzarine Laboureau	2025-08-12T11:52:09.511Z	2025-08-14T14:03:03.568Z
16	3	olearia haastii	20250625090629	7.113133	46.032642	72534	dbgi_008450	Émilie Lab	2025-08-12T11:52:03.362Z	2025-08-14T14:02:57.529Z
16	3	olearia haastii	20250625090629	7.113133	46.032642	72575	dbgi_9	Émilie Lab	2025-08-12T11:52:04.903Z	2025-08-14T14:02:59.061Z
16	3	olearia haastii	20250625090629	7.113133	46.032642	72673	dbgi_58	Émilie Lab	2025-08-12T11:52:08.061Z	2025-08-14T14:03:02.152Z
17	3	rhododendron lepidotum	20250625091237	7.113162	46.032646	72535	dbgi_008460	Émilie Lab	2025-08-12T11:52:03.396Z	2025-12-28T16:50:35.620Z
17	3	rhododendron lepidotum	20250625091237	7.113162	46.032646	72576	dbgi_10	Émilie Lab	2025-08-12T11:52:04.935Z	2025-08-14T14:02:59.094Z
17	3	rhododendron lepidotum	20250625091237	7.113162	46.032646	72674	dbgi_59	Émilie Lab	2025-08-12T11:52:08.092Z	2025-08-14T14:03:02.179Z
18	2	anemone nemorosa	20250625092736	7.113088	46.03263	72620	dbgi_008516	Mazzarine Laboureau	2025-08-12T11:52:06.303Z	2025-12-28T16:50:56.561Z
18	2	anemone nemorosa	20250625092736	7.113088	46.03263	72718	dbgi_103	Mazzarine Laboureau	2025-08-12T11:52:09.546Z	2025-08-14T14:03:03.607Z
19	3	rhododendron insigne	20250625093120	7.11316	46.032627	72536	dbgi_008560	Émilie Lab	2025-08-12T11:52:03.424Z	2025-12-28T16:50:36.072Z
19	3	rhododendron insigne	20250625093120	7.11316	46.032627	72577	dbgi_11	Émilie Lab	2025-08-12T11:52:04.964Z	2025-08-14T14:02:59.125Z
19	3	rhododendron insigne	20250625093120	7.11316	46.032627	72675	dbgi_60	Émilie Lab	2025-08-12T11:52:08.128Z	2025-08-14T14:03:02.203Z
20	2	arenaria montana	20250625093307	7.113089	46.032623	72622	dbgi_008499	Mazzarine Laboureau	2025-08-12T11:52:06.374Z	2025-12-28T16:50:57.022Z
20	2	arenaria montana	20250625093307	7.113089	46.032623	72720	dbgi_105	Mazzarine Laboureau	2025-08-12T11:52:09.615Z	2025-08-14T14:03:03.683Z
21	3	rhododendron hyppophaeoides	20250625093355	7.113205	46.03265	72537	dbgi_008398	Émilie Lab	2025-08-12T11:52:03.456Z	2025-12-28T16:50:36.609Z
21	3	rhododendron hyppophaeoides	20250625093355	7.113205	46.03265	72578	dbgi_12	Émilie Lab	2025-08-12T11:52:04.992Z	2025-08-14T14:02:59.159Z
21	3	rhododendron hyppophaeoides	20250625093355	7.113205	46.03265	72676	dbgi_61	Émilie Lab	2025-08-12T11:52:08.157Z	2025-08-14T14:03:02.229Z
22	3	chamaecytisus aggregatus	20250625093702	7.11319	46.032642	72538	dbgi_008474	Émilie Lab	2025-08-12T11:52:03.486Z	2025-12-28T16:50:37.112Z
22	3	chamaecytisus aggregatus	20250625093702	7.11319	46.032642	72579	dbgi_13	Émilie Lab	2025-08-12T11:52:05.030Z	2025-08-14T14:02:59.190Z
22	3	chamaecytisus aggregatus	20250625093702	7.11319	46.032642	72677	dbgi_62	Émilie Lab	2025-08-12T11:52:08.189Z	2025-08-14T14:03:02.254Z
23	2	picea abies	20250625094008	7.11306	46.03262	72625	dbgi_008466	Mazzarine Laboureau	2025-08-12T11:52:06.471Z	2025-12-28T16:50:58.709Z
23	2	picea abies	20250625094008	7.11306	46.03262	72723	dbgi_108	Mazzarine Laboureau	2025-08-12T11:52:09.712Z	2025-08-14T14:03:03.793Z
24	3	rhododendron keleticum	20250625094138	7.113055	46.032673	72539	dbgi_008512	Émilie Lab	2025-08-12T11:52:03.519Z	2025-12-28T16:50:37.709Z
24	3	rhododendron keleticum	20250625094138	7.113055	46.032673	72580	dbgi_14	Émilie Lab	2025-08-12T11:52:05.057Z	2025-08-14T14:02:59.223Z
24	3	rhododendron keleticum	20250625094138	7.113055	46.032673	72678	dbgi_63	Émilie Lab	2025-08-12T11:52:08.220Z	2025-08-14T14:03:02.281Z
25	3	salix rotundifolia	20250625094313	7.113077	46.032677	72540	dbgi_008433	Émilie Lab	2025-08-12T11:52:03.553Z	2025-12-28T16:50:38.280Z
25	3	salix rotundifolia	20250625094313	7.113077	46.032677	72581	dbgi_15	Émilie Lab	2025-08-12T11:52:05.090Z	2025-08-14T14:02:59.255Z
25	3	salix rotundifolia	20250625094313	7.113077	46.032677	72679	dbgi_64	Émilie Lab	2025-08-12T11:52:08.252Z	2025-08-14T14:03:02.307Z
26	2	saxifraga paniculata	20250625094318	7.11305	46.03262	72626	dbgi_008424	Mazzarine Laboureau	2025-08-12T11:52:06.499Z	2025-12-28T16:50:59.171Z
26	2	saxifraga paniculata	20250625094318	7.11305	46.03262	72724	dbgi_109	Mazzarine Laboureau	2025-08-12T11:52:09.741Z	2025-08-14T14:03:03.833Z
27	3	wulfenia carinthiaca	20250625094543	7.113052	46.032684	72541	dbgi_008476	Émilie Lab	2025-08-12T11:52:03.587Z	2025-12-28T16:50:38.728Z
27	3	wulfenia carinthiaca	20250625094543	7.113052	46.032684	72582	dbgi_16	Émilie Lab	2025-08-12T11:52:05.121Z	2025-08-14T14:02:59.288Z
27	3	wulfenia carinthiaca	20250625094543	7.113052	46.032684	72680	dbgi_65	Émilie Lab	2025-08-12T11:52:08.282Z	2025-08-14T14:03:02.334Z
28	2	rhododendron ferrugineum	20250625094551	7.113059	46.032627	72627	dbgi_008573	Mazzarine Laboureau	2025-08-12T11:52:06.537Z	2025-12-28T16:50:59.619Z
28	2	rhododendron ferrugineum	20250625094551	7.113059	46.032627	72725	dbgi_110	Mazzarine Laboureau	2025-08-12T11:52:09.775Z	2025-08-14T14:03:03.870Z
29	3	asarum europaeum	20250625094708	7.113073	46.032673	72542	dbgi_008415	Émilie Lab	2025-08-12T11:52:03.618Z	2025-08-14T14:02:57.784Z
29	3	asarum europaeum	20250625094708	7.113073	46.032673	72583	dbgi_17	Émilie Lab	2025-08-12T11:52:05.154Z	2025-08-14T14:02:59.319Z
29	3	asarum europaeum	20250625094708	7.113073	46.032673	72681	dbgi_66	Émilie Lab	2025-08-12T11:52:08.310Z	2025-08-14T14:03:02.360Z
30	2	camassia leichtlinii	20250625094719	7.11305	46.032627	72628	dbgi_008551	Mazzarine Laboureau	2025-08-12T11:52:06.567Z	2025-12-28T16:51:00.170Z
30	2	camassia leichtlinii	20250625094719	7.11305	46.032627	72726	dbgi_111	Mazzarine Laboureau	2025-08-12T11:52:09.807Z	2025-08-14T14:03:03.909Z
31	3	rhodothamnus chamaecistus	20250625094830	7.113061	46.03266	72543	dbgi_008517	Émilie Lab	2025-08-12T11:52:03.648Z	2025-12-28T16:50:39.172Z
31	3	rhodothamnus chamaecistus	20250625094830	7.113061	46.03266	72584	dbgi_18	Émilie Lab	2025-08-12T11:52:05.187Z	2025-08-14T14:02:59.352Z
31	3	rhodothamnus chamaecistus	20250625094830	7.113061	46.03266	72682	dbgi_67	Émilie Lab	2025-08-12T11:52:08.346Z	2025-08-14T14:03:02.388Z
32	2	saxifraga lingulata	20250625094953	7.113043	46.032627	72629	dbgi_008379	Mazzarine Laboureau	2025-08-12T11:52:06.609Z	2025-12-28T16:51:00.658Z
32	2	saxifraga lingulata	20250625094953	7.113043	46.032627	72727	dbgi_112	Mazzarine Laboureau	2025-08-12T11:52:09.842Z	2025-08-14T14:03:03.944Z
33	3	campanula rhomboidalis	20250625095047	7.113035	46.032677	72544	dbgi_008465	Émilie Lab	2025-08-12T11:52:03.686Z	2025-12-28T16:50:39.665Z
33	3	campanula rhomboidalis	20250625095047	7.113035	46.032677	72585	dbgi_19	Émilie Lab	2025-08-12T11:52:05.214Z	2025-08-14T14:02:59.384Z
33	3	campanula rhomboidalis	20250625095047	7.113035	46.032677	72683	dbgi_68	Émilie Lab	2025-08-12T11:52:08.374Z	2025-08-14T14:03:02.414Z
34	2	saxifraga franzii	20250625095116	7.113039	46.032627	72630	dbgi_008396	Mazzarine Laboureau	2025-08-12T11:52:06.642Z	2025-12-28T16:51:01.120Z
34	2	saxifraga franzii	20250625095116	7.113039	46.032627	72728	dbgi_113	Mazzarine Laboureau	2025-08-12T11:52:09.877Z	2025-08-14T14:03:03.983Z
35	3	sedum lydium	20250625095313	7.113059	46.03267	72545	dbgi_008399	Émilie Lab	2025-08-12T11:52:03.713Z	2025-12-28T16:50:40.179Z
35	3	sedum lydium	20250625095313	7.113059	46.03267	72586	dbgi_20	Émilie Lab	2025-08-12T11:52:05.246Z	2025-08-14T14:02:59.417Z
35	3	sedum lydium	20250625095313	7.113059	46.03267	72684	dbgi_69	Émilie Lab	2025-08-12T11:52:08.405Z	2025-08-14T14:03:02.441Z
36	2	rhodothamnus chamaecistus	20250625095457	7.113063	46.03264	72631	dbgi_008435	Mazzarine Laboureau	2025-08-12T11:52:06.680Z	2025-12-28T16:51:01.574Z
36	2	rhodothamnus chamaecistus	20250625095457	7.113063	46.03264	72729	dbgi_114	Mazzarine Laboureau	2025-08-12T11:52:09.911Z	2025-08-14T14:03:04.019Z
37	3	arum maculatum	20250625095625	7.11304	46.03267	72546	dbgi_008448	Émilie Lab	2025-08-12T11:52:03.748Z	2025-12-28T16:50:40.691Z
37	3	arum maculatum	20250625095625	7.11304	46.03267	72587	dbgi_21	Émilie Lab	2025-08-12T11:52:05.281Z	2025-08-14T14:02:59.451Z
37	3	arum maculatum	20250625095625	7.11304	46.03267	72685	dbgi_70	Émilie Lab	2025-08-12T11:52:08.436Z	2025-08-14T14:03:02.465Z
38	2	cassiope mertensiana	20250625095809	7.113053	46.03263	72632	dbgi_008406	Mazzarine Laboureau	2025-08-12T11:52:06.708Z	2025-12-28T16:51:02.107Z
38	2	cassiope mertensiana	20250625095809	7.113053	46.03263	72730	dbgi_115	Mazzarine Laboureau	2025-08-12T11:52:09.941Z	2025-08-14T14:03:04.058Z
39	3	bulbinella hookeri	20250625095923	7.113079	46.03268	72547	dbgi_008587	Émilie Lab	2025-08-12T11:52:03.783Z	2025-12-28T16:50:41.209Z
39	3	bulbinella hookeri	20250625095923	7.113079	46.03268	72588	dbgi_22	Émilie Lab	2025-08-12T11:52:05.314Z	2025-08-14T14:02:59.486Z
39	3	bulbinella hookeri	20250625095923	7.113079	46.03268	72686	dbgi_71	Émilie Lab	2025-08-12T11:52:08.469Z	2025-08-14T14:03:02.493Z
40	2	fritillaria pyrenaica	20250625100205	7.113058	46.032642	72633	dbgi_008501	Mazzarine Laboureau	2025-08-12T11:52:06.742Z	2025-12-28T16:51:02.619Z
40	2	fritillaria pyrenaica	20250625100205	7.113058	46.032642	72731	dbgi_116	Mazzarine Laboureau	2025-08-12T11:52:09.971Z	2025-08-14T14:03:04.095Z
41	3	cypripedium reginae	20250625100431	7.113039	46.032684	72549	dbgi_008401	Émilie Lab	2025-08-12T11:52:03.849Z	2025-12-28T16:50:42.328Z
41	3	cypripedium reginae	20250625100431	7.113039	46.032684	72590	dbgi_24	Émilie Lab	2025-08-12T11:52:05.371Z	2025-08-14T14:02:59.554Z
41	3	cypripedium reginae	20250625100431	7.113039	46.032684	72688	dbgi_73	Émilie Lab	2025-08-12T11:52:08.533Z	2025-08-14T14:03:02.547Z
42	2	cypripedium calceolus	20250625100533	7.113048	46.032646	72634	dbgi_008612	Mazzarine Laboureau	2025-08-12T11:52:06.774Z	2025-12-28T16:51:03.112Z
42	2	cypripedium calceolus	20250625100533	7.113048	46.032646	72732	dbgi_117	Mazzarine Laboureau	2025-08-12T11:52:10.008Z	2025-08-14T14:03:04.133Z
43	3	rhododendron carolinianum	20250625100636	7.113057	46.032677	72550	dbgi_008414	Émilie Lab	2025-08-12T11:52:03.881Z	2025-12-28T16:50:42.772Z
43	3	rhododendron carolinianum	20250625100636	7.113057	46.032677	72591	dbgi_25	Émilie Lab	2025-08-12T11:52:05.402Z	2025-08-14T14:02:59.587Z
43	3	rhododendron carolinianum	20250625100636	7.113057	46.032677	72689	dbgi_74	Émilie Lab	2025-08-12T11:52:08.564Z	2025-08-14T14:03:02.572Z
44	2	saxifraga pseudo-kotschyl,	20250625100717	7.11304	46.032646	72635	dbgi_008504	Mazzarine Laboureau	2025-08-12T11:52:06.808Z	2025-12-28T16:51:03.631Z
44	2	saxifraga pseudo-kotschyl,	20250625100717	7.11304	46.032646	72733	dbgi_118	Mazzarine Laboureau	2025-08-12T11:52:10.037Z	2025-08-14T14:03:04.171Z
45	3	blechnum spicant	20250625100907	7.113082	46.03267	72551	dbgi_008436	Émilie Lab	2025-08-12T11:52:03.914Z	2025-12-28T16:50:43.222Z
45	3	blechnum spicant	20250625100907	7.113082	46.03267	72592	dbgi_26	Émilie Lab	2025-08-12T11:52:05.432Z	2025-08-14T14:02:59.620Z
45	3	blechnum spicant	20250625100907	7.113082	46.03267	72690	dbgi_75	Émilie Lab	2025-08-12T11:52:08.593Z	2025-08-14T14:03:02.599Z
46	2	rhododendron radicans	20250625100949	7.113038	46.03265	72636	dbgi_008514	Mazzarine Laboureau	2025-08-12T11:52:06.843Z	2025-12-28T16:51:04.137Z
46	2	rhododendron radicans	20250625100949	7.113038	46.03265	72734	dbgi_119	Mazzarine Laboureau	2025-08-12T11:52:10.068Z	2025-08-14T14:03:04.209Z
47	2	juniperus chinensis	20250625102644	7.113101	46.032578	72637	dbgi_008493	Mazzarine Laboureau	2025-08-12T11:52:06.876Z	2025-12-28T16:51:04.569Z
47	2	juniperus chinensis	20250625102644	7.113101	46.032578	72735	dbgi_120	Mazzarine Laboureau	2025-08-12T11:52:10.098Z	2025-08-14T14:03:04.245Z
48	2	centaurea montana	20250625102812	7.113166	46.03258	72638	dbgi_008758	Mazzarine Laboureau	2025-08-12T11:52:06.911Z	2025-12-28T16:51:05.159Z
48	2	centaurea montana	20250625102812	7.113166	46.03258	72736	dbgi_121	Mazzarine Laboureau	2025-08-12T11:52:10.134Z	2025-08-14T14:03:04.284Z
49	2	berberis canadensis	20250625103130	7.113178	46.03258	72639	dbgi_008511	Mazzarine Laboureau	2025-08-12T11:52:06.950Z	2025-12-28T16:51:05.607Z
49	2	berberis canadensis	20250625103130	7.113178	46.03258	72737	dbgi_122	Mazzarine Laboureau	2025-08-12T11:52:10.168Z	2025-08-14T14:03:04.320Z
50	2	vaccinium vitis-idaea	20250625103325	7.113173	46.03259	72640	dbgi_008458	Mazzarine Laboureau	2025-08-12T11:52:06.982Z	2025-12-28T16:51:06.087Z
50	2	vaccinium vitis-idaea	20250625103325	7.113173	46.03259	72738	dbgi_123	Mazzarine Laboureau	2025-08-12T11:52:10.202Z	2025-08-14T14:03:04.360Z
51	3	ribes spicatum	20250625103340	7.113192	46.032578	72552	dbgi_008430	Émilie Lab	2025-08-12T11:52:03.942Z	2025-12-28T16:50:43.762Z
51	3	ribes spicatum	20250625103340	7.113192	46.032578	72593	dbgi_27	Émilie Lab	2025-08-12T11:52:05.463Z	2025-08-14T14:02:59.651Z
51	3	ribes spicatum	20250625103340	7.113192	46.032578	72691	dbgi_76	Émilie Lab	2025-08-12T11:52:08.630Z	2025-08-14T14:03:02.624Z
52	3	penstemon ovatus	20250625103604	7.113191	46.03257	72553	dbgi_008378	Émilie Lab	2025-08-12T11:52:03.979Z	2025-12-28T16:50:44.276Z
52	3	penstemon ovatus	20250625103604	7.113191	46.03257	72594	dbgi_28	Émilie Lab	2025-08-12T11:52:05.490Z	2025-08-14T14:02:59.684Z
52	3	penstemon ovatus	20250625103604	7.113191	46.03257	72692	dbgi_77	Émilie Lab	2025-08-12T11:52:08.660Z	2025-08-14T14:03:02.651Z
53	2	sedum ellecombienum	20250625103617	7.113174	46.03257	72641	dbgi_008431	Mazzarine Laboureau	2025-08-12T11:52:07.018Z	2025-12-28T16:51:07.315Z
53	2	sedum ellecombienum	20250625103617	7.113174	46.03257	72739	dbgi_124	Mazzarine Laboureau	2025-08-12T11:52:10.238Z	2025-08-14T14:03:04.397Z
54	3	tsuga canadensis	20250625103817	7.113307	46.032593	72554	dbgi_008489	Émilie Lab	2025-08-12T11:52:04.010Z	2025-12-28T16:50:44.893Z
54	3	tsuga canadensis	20250625103817	7.113307	46.032593	72595	dbgi_29	Émilie Lab	2025-08-12T11:52:05.519Z	2025-08-14T14:02:59.715Z
54	3	tsuga canadensis	20250625103817	7.113307	46.032593	72693	dbgi_78	Émilie Lab	2025-08-12T11:52:08.695Z	2025-08-14T14:03:02.676Z
55	2	cytisus decumbens	20250625103820	7.113209	46.032574	72642	dbgi_008478	Mazzarine Laboureau	2025-08-12T11:52:07.050Z	2025-12-28T16:51:07.771Z
55	2	cytisus decumbens	20250625103820	7.113209	46.032574	72740	dbgi_125	Mazzarine Laboureau	2025-08-12T11:52:10.269Z	2025-08-14T14:03:04.437Z
56	2	gentiana marcailhuana	20250625104043	7.113217	46.03257	72643	dbgi_008413	Mazzarine Laboureau	2025-08-12T11:52:07.085Z	2025-12-28T16:51:08.221Z
56	2	gentiana marcailhuana	20250625104043	7.113217	46.03257	72741	dbgi_126	Mazzarine Laboureau	2025-08-12T11:52:10.303Z	2025-08-14T14:03:04.475Z
57	3	anthennaria canadensis	20250625104139	7.11333	46.032585	72555	dbgi_008408	Émilie Lab	2025-08-12T11:52:04.037Z	2025-12-28T16:50:45.410Z
57	3	anthennaria canadensis	20250625104139	7.11333	46.032585	72596	dbgi_30	Émilie Lab	2025-08-12T11:52:05.553Z	2025-08-14T14:02:59.748Z
57	3	anthennaria canadensis	20250625104139	7.11333	46.032585	72694	dbgi_79	Émilie Lab	2025-08-12T11:52:08.727Z	2025-08-14T14:03:02.704Z
58	3	taxus baccata	20250625104344	7.11334	46.032578	72556	dbgi_008442	Émilie Lab	2025-08-12T11:52:04.068Z	2025-12-28T16:50:45.872Z
58	3	taxus baccata	20250625104344	7.11334	46.032578	72597	dbgi_31	Émilie Lab	2025-08-12T11:52:05.587Z	2025-08-14T14:02:59.780Z
58	3	taxus baccata	20250625104344	7.11334	46.032578	72695	dbgi_80	Émilie Lab	2025-08-12T11:52:08.763Z	2025-08-14T14:03:02.739Z
59	3	genista radiata	20250625104603	7.113218	46.032543	72557	dbgi_008650	Émilie Lab	2025-08-12T11:52:04.102Z	2025-12-28T16:50:46.423Z
59	3	genista radiata	20250625104603	7.113218	46.032543	72598	dbgi_32	Émilie Lab	2025-08-12T11:52:05.617Z	2025-08-14T14:02:59.813Z
59	3	genista radiata	20250625104603	7.113218	46.032543	72696	dbgi_81	Émilie Lab	2025-08-12T11:52:08.797Z	2025-08-14T14:03:02.778Z
60	3	asphodelus albus	20250625104735	7.113292	46.03255	72558	dbgi_008464	Émilie Lab	2025-08-12T11:52:04.132Z	2025-12-28T16:50:46.874Z
60	3	asphodelus albus	20250625104735	7.113292	46.03255	72599	dbgi_33	Émilie Lab	2025-08-12T11:52:05.644Z	2025-08-14T14:02:59.846Z
60	3	asphodelus albus	20250625104735	7.113292	46.03255	72697	dbgi_82	Émilie Lab	2025-08-12T11:52:08.831Z	2025-08-14T14:03:02.815Z
61	2	carlina acanthifolia	20250625105142	7.113238	46.032566	72645	dbgi_008393	Mazzarine Laboureau	2025-08-12T11:52:07.150Z	2025-12-28T16:51:09.159Z
61	2	carlina acanthifolia	20250625105142	7.113238	46.032566	72743	dbgi_128	Mazzarine Laboureau	2025-08-12T11:52:10.366Z	2025-08-14T14:03:04.550Z
62	2	scabiosa columbaria	20250625105253	7.113238	46.032566	72646	dbgi_008468	Mazzarine Laboureau	2025-08-12T11:52:07.183Z	2025-12-28T16:51:09.619Z
62	2	scabiosa columbaria	20250625105253	7.113238	46.032566	72744	dbgi_129	Mazzarine Laboureau	2025-08-12T11:52:10.393Z	2025-08-14T14:03:04.587Z
63	3	colutea arborescens	20250625105340	7.113236	46.032578	72559	dbgi_008423	Émilie Lab	2025-08-12T11:52:04.161Z	2025-12-28T16:50:47.338Z
63	3	colutea arborescens	20250625105340	7.113236	46.032578	72600	dbgi_34	Émilie Lab	2025-08-12T11:52:05.680Z	2025-08-14T14:02:59.879Z
63	3	colutea arborescens	20250625105340	7.113236	46.032578	72698	dbgi_83	Émilie Lab	2025-08-12T11:52:08.866Z	2025-08-14T14:03:02.853Z
64	2	astragalus monspessulanus	20250625105709	7.113245	46.032566	72647	dbgi_008490	Mazzarine Laboureau	2025-08-12T11:52:07.212Z	2025-12-28T16:51:10.182Z
64	2	astragalus monspessulanus	20250625105709	7.113245	46.032566	72745	dbgi_130	Mazzarine Laboureau	2025-08-12T11:52:10.424Z	2025-08-14T14:03:04.623Z
65	2	sedum ochroleucum	20250625105915	7.113248	46.03257	72648	dbgi_008462	Mazzarine Laboureau	2025-08-12T11:52:07.251Z	2025-12-28T16:51:10.623Z
65	2	sedum ochroleucum	20250625105915	7.113248	46.03257	72746	dbgi_131	Mazzarine Laboureau	2025-08-12T11:52:10.458Z	2025-08-14T14:03:04.662Z
66	3	dianthus subacaulis	20250625110513	7.113278	46.032574	72560	dbgi_008640	Émilie Lab	2025-08-12T11:52:04.197Z	2025-12-28T16:50:47.785Z
66	3	dianthus subacaulis	20250625110513	7.113278	46.032574	72601	dbgi_35	Émilie Lab	2025-08-12T11:52:05.709Z	2025-08-14T14:02:59.911Z
66	3	dianthus subacaulis	20250625110513	7.113278	46.032574	72699	dbgi_84	Émilie Lab	2025-08-12T11:52:08.904Z	2025-08-14T14:03:02.889Z
67	2	geranium nodosum	20250625110706	7.113341	46.032574	72650	dbgi_008385	Mazzarine Laboureau	2025-08-12T11:52:07.311Z	2025-12-28T16:51:11.817Z
67	2	geranium nodosum	20250625110706	7.113341	46.032574	72748	dbgi_133	Mazzarine Laboureau	2025-08-12T11:52:10.521Z	2025-08-14T14:03:04.737Z
68	3	lithospermum intermedium	20250625110811	7.11329	46.032623	72561	dbgi_008754	Émilie Lab	2025-08-12T11:52:04.226Z	2025-12-28T16:50:48.269Z
68	3	lithospermum intermedium	20250625110811	7.11329	46.032623	72602	dbgi_36	Émilie Lab	2025-08-12T11:52:05.735Z	2025-08-14T14:02:59.943Z
68	3	lithospermum intermedium	20250625110811	7.11329	46.032623	72700	dbgi_85	Émilie Lab	2025-08-12T11:52:08.936Z	2025-08-14T14:03:02.926Z
69	3	dianthus plumarius	20250625111046	7.113257	46.032593	72562	dbgi_008647	Émilie Lab	2025-08-12T11:52:04.255Z	2025-12-28T16:50:48.765Z
69	3	dianthus plumarius	20250625111046	7.113257	46.032593	72603	dbgi_37	Émilie Lab	2025-08-12T11:52:05.764Z	2025-08-14T14:02:59.975Z
69	3	dianthus plumarius	20250625111046	7.113257	46.032593	72701	dbgi_86	Émilie Lab	2025-08-12T11:52:08.973Z	2025-08-14T14:03:02.962Z
70	2	cytisus nigricans	20250625111342	7.113455	46.03256	72652	dbgi_008402	Mazzarine Laboureau	2025-08-12T11:52:07.375Z	2025-12-28T16:51:12.858Z
70	2	cytisus nigricans	20250625111342	7.113455	46.03256	72750	dbgi_135	Mazzarine Laboureau	2025-08-12T11:52:10.582Z	2025-08-14T14:03:04.811Z
71	3	helichrysum graveolens	20250625111454	7.113254	46.032593	72563	dbgi_008637	Émilie Lab	2025-08-12T11:52:04.285Z	2025-12-28T16:50:49.217Z
71	3	helichrysum graveolens	20250625111454	7.113254	46.032593	72604	dbgi_38	Émilie Lab	2025-08-12T11:52:05.794Z	2025-08-14T14:03:00.008Z
71	3	helichrysum graveolens	20250625111454	7.113254	46.032593	72702	dbgi_87	Émilie Lab	2025-08-12T11:52:09.004Z	2025-08-14T14:03:03.000Z
72	2	abies cephalonica	20250625111715	7.113396	46.032597	72653	dbgi_008382	Mazzarine Laboureau	2025-08-12T11:52:07.410Z	2025-12-28T16:51:13.308Z
72	2	abies cephalonica	20250625111715	7.113396	46.032597	72751	dbgi_136	Mazzarine Laboureau	2025-08-12T11:52:10.610Z	2025-08-14T14:03:04.848Z
73	3	eriogonum umbellatum	20250625111723	7.113238	46.032597	72564	dbgi_008527	Émilie Lab	2025-08-12T11:52:04.312Z	2025-12-28T16:50:49.660Z
73	3	eriogonum umbellatum	20250625111723	7.113238	46.032597	72605	dbgi_39	Émilie Lab	2025-08-12T11:52:05.830Z	2025-08-14T14:03:00.040Z
73	3	eriogonum umbellatum	20250625111723	7.113238	46.032597	72703	dbgi_88	Émilie Lab	2025-08-12T11:52:09.038Z	2025-08-14T14:03:03.038Z
74	3	micromeria dalmatica	20250625111909	7.113258	46.0326	72565	dbgi_008646	Émilie Lab	2025-08-12T11:52:04.342Z	2025-12-28T16:50:50.125Z
74	3	micromeria dalmatica	20250625111909	7.113258	46.0326	72606	dbgi_40	Émilie Lab	2025-08-12T11:52:05.858Z	2025-08-14T14:03:00.073Z
74	3	micromeria dalmatica	20250625111909	7.113258	46.0326	72704	dbgi_89	Émilie Lab	2025-08-12T11:52:09.073Z	2025-08-14T14:03:03.076Z
75	3	globularia bisnagarica	20250625112113	7.113287	46.032608	72566	dbgi_008645	Émilie Lab	2025-08-12T11:52:04.370Z	2025-12-28T16:50:50.572Z
75	3	globularia bisnagarica	20250625112113	7.113287	46.032608	72607	dbgi_41	Émilie Lab	2025-08-12T11:52:05.889Z	2025-08-14T14:03:00.104Z
75	3	globularia bisnagarica	20250625112113	7.113287	46.032608	72705	dbgi_90	Émilie Lab	2025-08-12T11:52:09.111Z	2025-08-14T14:03:03.112Z
76	3	dryas octopetala	20250625112303	7.113337	46.03261	72567	dbgi_008486	Émilie Lab	2025-08-12T11:52:04.405Z	2025-12-28T16:50:51.016Z
76	3	dryas octopetala	20250625112303	7.113337	46.03261	72608	dbgi_42	Émilie Lab	2025-08-12T11:52:05.919Z	2025-08-14T14:03:00.137Z
76	3	dryas octopetala	20250625112303	7.113337	46.03261	72706	dbgi_91	Émilie Lab	2025-08-12T11:52:09.142Z	2025-08-14T14:03:03.150Z
77	2	gentiana angustifolia	20250625112329	7.11331	46.032593	72654	dbgi_008513	Mazzarine Laboureau	2025-08-12T11:52:07.446Z	2025-12-28T16:51:13.867Z
77	2	gentiana angustifolia	20250625112329	7.11331	46.032593	72752	dbgi_137	Mazzarine Laboureau	2025-08-12T11:52:10.650Z	2025-08-14T14:03:04.887Z
78	3	convallaria majalis	20250625112837	7.113485	46.032635	72568	dbgi_008763	Émilie Lab	2025-08-12T11:52:04.432Z	2025-12-28T16:50:51.472Z
78	3	convallaria majalis	20250625112837	7.113485	46.032635	72609	dbgi_43	Émilie Lab	2025-08-12T11:52:05.952Z	2025-08-14T14:03:00.169Z
78	3	convallaria majalis	20250625112837	7.113485	46.032635	72707	dbgi_92	Émilie Lab	2025-08-12T11:52:09.175Z	2025-08-14T14:03:03.186Z
79	2	erinus alpinus	20250625112959	7.113341	46.032604	72656	dbgi_008743	Mazzarine Laboureau	2025-08-12T11:52:07.510Z	2025-12-28T16:51:14.906Z
79	2	erinus alpinus	20250625112959	7.113341	46.032604	72754	dbgi_139	Mazzarine Laboureau	2025-08-12T11:52:10.710Z	2025-08-14T14:03:04.962Z
80	3	colchicum autumnale	20250625113005	7.113473	46.03267	72569	dbgi_008395	Émilie Lab	2025-08-12T11:52:04.463Z	2025-12-28T16:50:51.921Z
80	3	colchicum autumnale	20250625113005	7.113473	46.03267	72610	dbgi_44	Émilie Lab	2025-08-12T11:52:05.985Z	2025-08-14T14:03:00.202Z
80	3	colchicum autumnale	20250625113005	7.113473	46.03267	72708	dbgi_93	Émilie Lab	2025-08-12T11:52:09.208Z	2025-08-14T14:03:03.225Z
81	2	potentilla peduncularis	20250625113145	7.113354	46.0326	72657	dbgi_008502	Mazzarine Laboureau	2025-08-12T11:52:07.545Z	2025-12-28T16:51:15.360Z
81	2	potentilla peduncularis	20250625113145	7.113354	46.0326	72755	dbgi_140	Mazzarine Laboureau	2025-08-12T11:52:10.744Z	2025-08-14T14:03:04.999Z
82	3	aegopodium podagraria	20250625113405	7.113481	46.032627	72571	dbgi_008419	Émilie Lab	2025-08-12T11:52:04.526Z	2025-12-28T16:50:52.822Z
82	3	aegopodium podagraria	20250625113405	7.113481	46.032627	72612	dbgi_46	Émilie Lab	2025-08-12T11:52:06.045Z	2025-08-14T14:03:00.267Z
82	3	aegopodium podagraria	20250625113405	7.113481	46.032627	72710	dbgi_95	Émilie Lab	2025-08-12T11:52:09.276Z	2025-08-14T14:03:03.300Z
83	2	jovibarba hirta	20250625113449	7.113376	46.032593	72658	dbgi_008459	Mazzarine Laboureau	2025-08-12T11:52:07.578Z	2025-12-28T16:51:15.809Z
83	2	jovibarba hirta	20250625113449	7.113376	46.032593	72756	dbgi_141	Mazzarine Laboureau	2025-08-12T11:52:10.777Z	2025-08-14T14:03:05.034Z
84	3	gentiana lutea	20250625113741	7.113484	46.032665	72572	dbgi_008602	Émilie Lab	2025-08-12T11:52:04.557Z	2025-12-28T16:50:53.275Z
84	3	gentiana lutea	20250625113741	7.113484	46.032665	72613	dbgi_47	Émilie Lab	2025-08-12T11:52:06.074Z	2025-08-14T14:03:00.298Z
84	3	gentiana lutea	20250625113741	7.113484	46.032665	72711	dbgi_96	Émilie Lab	2025-08-12T11:52:09.306Z	2025-08-14T14:03:03.337Z
85	2	polygala vayredae	20250625113742	7.113381	46.032604	72659	dbgi_008483	Mazzarine Laboureau	2025-08-12T11:52:07.614Z	2025-12-28T16:51:16.270Z
85	2	polygala vayredae	20250625113742	7.113381	46.032604	72757	dbgi_142	Mazzarine Laboureau	2025-08-12T11:52:10.807Z	2025-08-14T14:03:05.068Z
86	2	paeonia officinalis	20250625114111	7.113385	46.032616	72660	dbgi_008532	Mazzarine Laboureau	2025-08-12T11:52:07.649Z	2025-12-28T16:51:16.726Z
86	2	paeonia officinalis	20250625114111	7.113385	46.032616	72758	dbgi_143	Mazzarine Laboureau	2025-08-12T11:52:10.836Z	2025-08-14T14:03:05.103Z
87	2	primula denticulata	20250625114356	7.113413	46.032604	72661	dbgi_008394	Mazzarine Laboureau	2025-08-12T11:52:07.683Z	2025-12-28T16:51:17.264Z
87	2	primula denticulata	20250625114356	7.113413	46.032604	72759	dbgi_144	Mazzarine Laboureau	2025-08-12T11:52:10.865Z	2025-08-14T14:03:05.137Z
88	2	potentilla ambigua	20250625114522	7.113443	46.0326	72662	dbgi_008500	Mazzarine Laboureau	2025-08-12T11:52:07.716Z	2025-12-28T16:51:17.861Z
88	2	potentilla ambigua	20250625114522	7.113443	46.0326	72760	dbgi_145	Mazzarine Laboureau	2025-08-12T11:52:10.897Z	2025-08-14T14:03:05.174Z
89	2	arctostaphylus uva-ursi	20250625114650	7.113457	46.03257	72663	dbgi_008461	Mazzarine Laboureau	2025-08-12T11:52:07.746Z	2025-12-28T16:51:18.318Z
89	2	arctostaphylus uva-ursi	20250625114650	7.113457	46.03257	72761	dbgi_146	Mazzarine Laboureau	2025-08-12T11:52:10.924Z	2025-08-14T14:03:05.209Z
90	2	androsace sarmentosa	20250707140145	7.113414	46.03267	72764	dbgi_008389	Émilie Lab	2025-08-12T11:52:11.021Z	2025-12-28T16:51:19.680Z
90	2	androsace sarmentosa	20250707140145	7.113414	46.03267	72797	dbgi_147	Émilie Lab	2025-08-12T11:52:12.050Z	2025-08-14T14:03:06.523Z
91	2	festuca tatrae	20250707140415	7.113411	46.03266	72765	dbgi_008473	Émilie Lab	2025-08-12T11:52:11.050Z	2025-12-28T16:51:20.125Z
91	2	festuca tatrae	20250707140415	7.113411	46.03266	72798	dbgi_148	Émilie Lab	2025-08-12T11:52:12.085Z	2025-08-14T14:03:06.557Z
92	2	heuchera americana	20250707140812	7.113392	46.032646	72766	dbgi_008404	Émilie Lab	2025-08-12T11:52:11.079Z	2025-08-14T14:03:05.394Z
92	2	heuchera americana	20250707140812	7.113392	46.032646	72799	dbgi_149	Émilie Lab	2025-08-12T11:52:12.118Z	2025-08-14T14:03:06.589Z
93	2	thymus nitens	20250707140953	7.113376	46.032646	72767	dbgi_008505	Émilie Lab	2025-08-12T11:52:11.112Z	2025-08-14T14:03:05.432Z
93	2	thymus nitens	20250707140953	7.113376	46.032646	72800	dbgi_150	Émilie Lab	2025-08-12T11:52:12.152Z	2025-08-14T14:03:06.622Z
94	2	paeonia lutea	20250707141300	7.113393	46.03264	72768	dbgi_008510	Émilie Lab	2025-08-12T11:52:11.142Z	2025-12-28T16:51:20.570Z
94	2	paeonia lutea	20250707141300	7.113393	46.03264	72801	dbgi_151	Émilie Lab	2025-08-12T11:52:12.184Z	2025-08-14T14:03:06.653Z
95	2	linum flavum	20250707141453	7.113377	46.03264	72769	dbgi_008381	Émilie Lab	2025-08-12T11:52:11.173Z	2025-12-28T16:51:21.143Z
95	2	linum flavum	20250707141453	7.113377	46.03264	72802	dbgi_152	Émilie Lab	2025-08-12T11:52:12.215Z	2025-08-14T14:03:06.686Z
96	2	aillium hymenorrhizum,	20250707141836	7.113354	46.03264	72770	dbgi_008497	Émilie Lab	2025-08-12T11:52:11.205Z	2025-08-14T14:03:05.549Z
96	2	aillium hymenorrhizum,	20250707141836	7.113354	46.03264	72803	dbgi_153	Émilie Lab	2025-08-12T11:52:12.248Z	2025-08-14T14:03:06.718Z
97	2	astrantia major	20250707142119	7.113342	46.03264	72771	dbgi_008384	Émilie Lab	2025-08-12T11:52:11.237Z	2025-12-28T16:51:21.661Z
97	2	astrantia major	20250707142119	7.113342	46.03264	72804	dbgi_154	Émilie Lab	2025-08-12T11:52:12.279Z	2025-08-14T14:03:06.751Z
98	2	erodium manescavi	20250707142256	7.113344	46.032635	72772	dbgi_008494	Émilie Lab	2025-08-12T11:52:11.266Z	2025-12-28T16:51:22.123Z
98	2	erodium manescavi	20250707142256	7.113344	46.032635	72805	dbgi_155	Émilie Lab	2025-08-12T11:52:12.306Z	2025-08-14T14:03:06.783Z
99	2	centaurea haynaldii	20250707142439	7.113325	46.03264	72773	dbgi_008403	Émilie Lab	2025-08-12T11:52:11.298Z	2025-12-28T16:51:22.572Z
99	2	centaurea haynaldii	20250707142439	7.113325	46.03264	72806	dbgi_156	Émilie Lab	2025-08-12T11:52:12.342Z	2025-08-14T14:03:06.816Z
100	2	hemerocellis lilioasphodolus	20250707142716	7.113335	46.032642	72774	dbgi_008387	Émilie Lab	2025-08-12T11:52:11.325Z	2025-12-28T16:51:23.026Z
100	2	hemerocellis lilioasphodolus	20250707142716	7.113335	46.032642	72807	dbgi_157	Émilie Lab	2025-08-12T11:52:12.379Z	2025-08-14T14:03:06.847Z
101	2	bergenia crassifolia	20250707143443	7.113338	46.032635	72776	dbgi_008428	Émilie Lab	2025-08-12T11:52:11.390Z	2025-12-28T16:51:23.922Z
101	2	bergenia crassifolia	20250707143443	7.113338	46.032635	72809	dbgi_159	Émilie Lab	2025-08-12T11:52:12.452Z	2025-08-14T14:03:06.911Z
102	2	hieracium bombycinum	20250707143624	7.113324	46.032635	72777	dbgi_008603	Émilie Lab	2025-08-12T11:52:11.419Z	2025-12-28T16:51:24.370Z
102	2	hieracium bombycinum	20250707143624	7.113324	46.032635	72810	dbgi_160	Émilie Lab	2025-08-12T11:52:12.487Z	2025-08-14T14:03:06.943Z
103	2	paeonia daurica	20250707143754	7.11332	46.03263	72778	dbgi_008547	Émilie Lab	2025-08-12T11:52:11.451Z	2025-12-28T16:51:24.823Z
103	2	paeonia daurica	20250707143754	7.11332	46.03263	72811	dbgi_161	Émilie Lab	2025-08-12T11:52:12.523Z	2025-08-14T14:03:06.974Z
104	2	alyssum alpestre	20250707143955	7.113279	46.032616	72779	dbgi_008508	Émilie Lab	2025-08-12T11:52:11.479Z	2025-12-28T16:51:25.270Z
104	2	alyssum alpestre	20250707143955	7.113279	46.032616	72812	dbgi_162	Émilie Lab	2025-08-12T11:52:12.560Z	2025-08-14T14:03:07.006Z
105	2	potentilla rupestris	20250707144653	7.113222	46.032623	72781	dbgi_008463	Émilie Lab	2025-08-12T11:52:11.547Z	2025-08-14T14:03:05.971Z
105	2	potentilla rupestris	20250707144653	7.113222	46.032623	72814	dbgi_164	Émilie Lab	2025-08-12T11:52:12.629Z	2025-08-14T14:03:07.065Z
106	2	allium nutans	20250707144845	7.113247	46.03263	72782	dbgi_008420	Émilie Lab	2025-08-12T11:52:11.582Z	2025-12-28T16:51:26.177Z
106	2	allium nutans	20250707144845	7.113247	46.03263	72815	dbgi_165	Émilie Lab	2025-08-12T11:52:12.661Z	2025-08-14T14:03:07.090Z
107	2	vaccinium vitis-idaea	20250707150007	7.11349	46.032677	72783	dbgi_008432	Émilie Lab	2025-08-12T11:52:11.611Z	2025-12-28T16:51:26.623Z
107	2	vaccinium vitis-idaea	20250707150007	7.11349	46.032677	72816	dbgi_166	Émilie Lab	2025-08-12T11:52:12.696Z	2025-08-14T14:03:07.116Z
108	2	rhodiola rosea	20250707150204	7.113506	46.032677	72784	dbgi_008383	Émilie Lab	2025-08-12T11:52:11.641Z	2025-12-28T16:51:27.071Z
108	2	rhodiola rosea	20250707150204	7.113506	46.032677	72817	dbgi_167	Émilie Lab	2025-08-12T11:52:12.724Z	2025-08-14T14:03:07.144Z
109	2	vaccinium myrtillus	20250707150435	7.113491	46.03267	72785	dbgi_008485	Émilie Lab	2025-08-12T11:52:11.672Z	2025-08-14T14:03:06.123Z
109	2	vaccinium myrtillus	20250707150435	7.113491	46.03267	72818	dbgi_168	Émilie Lab	2025-08-12T11:52:12.759Z	2025-08-14T14:03:07.170Z
110	2	lonicera caerulea	20250707150811	7.113495	46.03268	72786	dbgi_008427	Émilie Lab	2025-08-12T11:52:11.699Z	2025-08-14T14:03:06.159Z
110	2	lonicera caerulea	20250707150811	7.113495	46.03268	72819	dbgi_169	Émilie Lab	2025-08-12T11:52:12.787Z	2025-08-14T14:03:07.195Z
111	2	digitalis grandiflora	20250707151019	7.113477	46.03268	72787	dbgi_008496	Émilie Lab	2025-08-12T11:52:11.735Z	2025-12-28T16:51:27.523Z
111	2	digitalis grandiflora	20250707151019	7.113477	46.03268	72820	dbgi_170	Émilie Lab	2025-08-12T11:52:12.817Z	2025-08-14T14:03:07.220Z
112	2	digitalis purpurea	20250707151257	7.11351	46.032696	72788	dbgi_008471	Émilie Lab	2025-08-12T11:52:11.762Z	2025-08-14T14:03:06.224Z
112	2	digitalis purpurea	20250707151257	7.11351	46.032696	72821	dbgi_171	Émilie Lab	2025-08-12T11:52:12.851Z	2025-08-14T14:03:07.244Z
113	2	arctostaphylos uva-ursi	20250707151504	7.11349	46.032703	72789	dbgi_008409	Émilie Lab	2025-08-12T11:52:11.792Z	2025-08-14T14:03:06.257Z
113	2	arctostaphylos uva-ursi	20250707151504	7.11349	46.032703	72822	dbgi_172	Émilie Lab	2025-08-12T11:52:12.885Z	2025-08-14T14:03:07.270Z
114	2	achillea millefolium	20250707151758	7.113492	46.03268	72790	dbgi_008391	Émilie Lab	2025-08-12T11:52:11.824Z	2025-12-28T16:51:27.972Z
114	2	achillea millefolium	20250707151758	7.113492	46.03268	72823	dbgi_173	Émilie Lab	2025-08-12T11:52:12.921Z	2025-08-14T14:03:07.294Z
115	2	pulsatilla vulgaris	20250707151947	7.113523	46.032707	72791	dbgi_008477	Émilie Lab	2025-08-12T11:52:11.854Z	2025-12-28T16:51:28.419Z
115	2	pulsatilla vulgaris	20250707151947	7.113523	46.032707	72824	dbgi_174	Émilie Lab	2025-08-12T11:52:12.955Z	2025-08-14T14:03:07.320Z
116	2	artemisia vulgaris	20250707152216	7.11351	46.032703	72792	dbgi_008418	Émilie Lab	2025-08-12T11:52:11.884Z	2025-12-28T16:51:28.880Z
116	2	artemisia vulgaris	20250707152216	7.11351	46.032703	72825	dbgi_175	Émilie Lab	2025-08-12T11:52:12.988Z	2025-08-14T14:03:07.345Z
117	2	hypericum perforatum	20250707152359	7.113516	46.03273	72793	dbgi_008429	Émilie Lab	2025-08-12T11:52:11.913Z	2025-08-14T14:03:06.387Z
117	2	hypericum perforatum	20250707152359	7.113516	46.03273	72826	dbgi_176	Émilie Lab	2025-08-12T11:52:13.020Z	2025-08-14T14:03:07.370Z
118	2	hyssopus officinalis	20250707152725	7.113504	46.032703	72794	dbgi_008498	Émilie Lab	2025-08-12T11:52:11.949Z	2025-12-28T16:51:29.441Z
118	2	hyssopus officinalis	20250707152725	7.113504	46.032703	72827	dbgi_177	Émilie Lab	2025-08-12T11:52:13.053Z	2025-08-14T14:03:07.395Z
119	2	thymus pulegioides	20250707153002	7.113477	46.032696	72795	dbgi_008411	Émilie Lab	2025-08-12T11:52:11.981Z	2025-08-14T14:03:06.454Z
119	2	thymus pulegioides	20250707153002	7.113477	46.032696	72828	dbgi_178	Émilie Lab	2025-08-12T11:52:13.092Z	2025-08-14T14:03:07.420Z
120	2	viola riviniana	20250707153248	7.113453	46.032703	72796	dbgi_008417	Émilie Lab	2025-08-12T11:52:12.019Z	2025-12-28T16:51:29.884Z
120	2	viola riviniana	20250707153248	7.113453	46.032703	72829	dbgi_179	Émilie Lab	2025-08-12T11:52:13.122Z	2025-08-14T14:03:07.444Z
121	4	hippophae rhamnoides	20250715083825	7.113455	46.032642	72986	dbgi_006943	Émilie Lab	2025-08-12T11:52:18.307Z	2025-08-29T12:05:00.121Z
121	4	hippophae rhamnoides	20250715083825	7.113455	46.032642	73041	dbgi_195	Émilie Lab	2025-08-12T11:52:20.094Z	2025-08-14T14:03:15.622Z
121	4	hippophae rhamnoides	20250715083825	7.113455	46.032642	73145	dbgi_250	Émilie Lab	2025-08-12T11:52:23.407Z	2025-08-14T14:03:19.230Z
121	4	hippophae rhamnoides	20250715083825	7.113455	46.032642	73270	dbgi_354	Émilie Lab	2025-08-12T11:52:27.544Z	2025-08-14T14:03:23.221Z
122	3	hieracium bombycinum	20250715083931	7.113289	46.0327	73096	dbgi_006690	Mazzarine Laboureau	2025-08-12T11:52:21.869Z	2025-08-29T12:05:01.911Z
122	3	hieracium bombycinum	20250715083931	7.113289	46.0327	73200	dbgi_305	Mazzarine Laboureau	2025-08-12T11:52:25.158Z	2025-08-14T14:03:20.964Z
122	3	hieracium bombycinum	20250715083931	7.113289	46.0327	73325	dbgi_409	Mazzarine Laboureau	2025-08-12T11:52:29.299Z	2025-08-14T14:03:24.933Z
123	4	centaurea nigra	20250715084018	7.113466	46.03265	72987	dbgi_006729	Émilie Lab	2025-08-12T11:52:18.338Z	2025-08-29T12:05:00.156Z
123	4	centaurea nigra	20250715084018	7.113466	46.03265	73042	dbgi_196	Émilie Lab	2025-08-12T11:52:20.127Z	2025-08-14T14:03:15.654Z
123	4	centaurea nigra	20250715084018	7.113466	46.03265	73146	dbgi_251	Émilie Lab	2025-08-12T11:52:23.437Z	2025-08-14T14:03:19.261Z
123	4	centaurea nigra	20250715084018	7.113466	46.03265	73271	dbgi_355	Émilie Lab	2025-08-12T11:52:27.573Z	2025-08-14T14:03:23.257Z
124	3	erica carnea	20250715090407	7.113303	46.0327	73097	dbgi_007136	Mazzarine Laboureau	2025-08-12T11:52:21.897Z	2025-08-29T12:05:01.944Z
124	3	erica carnea	20250715090407	7.113303	46.0327	73201	dbgi_306	Mazzarine Laboureau	2025-08-12T11:52:25.186Z	2025-08-14T14:03:20.998Z
124	3	erica carnea	20250715090407	7.113303	46.0327	73326	dbgi_410	Mazzarine Laboureau	2025-08-12T11:52:29.331Z	2025-08-14T14:03:24.959Z
125	4	hemerocallis multiflora	20250715090513	7.113399	46.032627	72989	dbgi_006600	Émilie Lab	2025-08-12T11:52:18.409Z	2025-08-29T12:05:00.227Z
125	4	hemerocallis multiflora	20250715090513	7.113399	46.032627	73044	dbgi_198	Émilie Lab	2025-08-12T11:52:20.191Z	2025-08-14T14:03:15.721Z
125	4	hemerocallis multiflora	20250715090513	7.113399	46.032627	73148	dbgi_253	Émilie Lab	2025-08-12T11:52:23.501Z	2025-08-14T14:03:19.325Z
125	4	hemerocallis multiflora	20250715090513	7.113399	46.032627	73273	dbgi_357	Émilie Lab	2025-08-12T11:52:27.641Z	2025-08-14T14:03:23.320Z
126	4	centaurea nigrescens	20250715090643	7.113388	46.032623	72990	dbgi_006679	Émilie Lab	2025-08-12T11:52:18.449Z	2025-08-29T12:05:00.264Z
126	4	centaurea nigrescens	20250715090643	7.113388	46.032623	73045	dbgi_199	Émilie Lab	2025-08-12T11:52:20.226Z	2025-08-14T14:03:15.755Z
126	4	centaurea nigrescens	20250715090643	7.113388	46.032623	73149	dbgi_254	Émilie Lab	2025-08-12T11:52:23.530Z	2025-08-14T14:03:19.360Z
126	4	centaurea nigrescens	20250715090643	7.113388	46.032623	73274	dbgi_358	Émilie Lab	2025-08-12T11:52:27.671Z	2025-08-14T14:03:23.351Z
127	3	eriophyllum arachnoideum	20250715090759	7.113332	46.032707	73098	dbgi_007167	Mazzarine Laboureau	2025-08-12T11:52:21.932Z	2025-08-29T12:05:01.975Z
127	3	eriophyllum arachnoideum	20250715090759	7.113332	46.032707	73202	dbgi_307	Mazzarine Laboureau	2025-08-12T11:52:25.221Z	2025-08-14T14:03:21.033Z
127	3	eriophyllum arachnoideum	20250715090759	7.113332	46.032707	73327	dbgi_411	Mazzarine Laboureau	2025-08-12T11:52:29.365Z	2025-08-14T14:03:24.987Z
128	4	dianthus seguieri	20250715090830	7.113366	46.03262	72991	dbgi_006687	Émilie Lab	2025-08-12T11:52:18.477Z	2025-08-29T12:05:00.294Z
128	4	dianthus seguieri	20250715090830	7.113366	46.03262	73046	dbgi_200	Émilie Lab	2025-08-12T11:52:20.259Z	2025-08-14T14:03:15.787Z
128	4	dianthus seguieri	20250715090830	7.113366	46.03262	73150	dbgi_255	Émilie Lab	2025-08-12T11:52:23.568Z	2025-08-14T14:03:19.391Z
128	4	dianthus seguieri	20250715090830	7.113366	46.03262	73275	dbgi_359	Émilie Lab	2025-08-12T11:52:27.708Z	2025-08-14T14:03:23.379Z
129	3	cotoneaster congesta	20250715091114	7.113323	46.03271	73099	dbgi_006719	Mazzarine Laboureau	2025-08-12T11:52:21.960Z	2025-08-29T12:05:02.008Z
129	3	cotoneaster congesta	20250715091114	7.113323	46.03271	73203	dbgi_308	Mazzarine Laboureau	2025-08-12T11:52:25.250Z	2025-08-14T14:03:21.068Z
129	3	cotoneaster congesta	20250715091114	7.113323	46.03271	73328	dbgi_412	Mazzarine Laboureau	2025-08-12T11:52:29.398Z	2025-08-14T14:03:25.013Z
130	3	genista germanica	20250715091345	7.113305	46.032707	73100	dbgi_007119	Mazzarine Laboureau	2025-08-12T11:52:21.991Z	2025-08-29T12:05:02.039Z
130	3	genista germanica	20250715091345	7.113305	46.032707	73204	dbgi_309	Mazzarine Laboureau	2025-08-12T11:52:25.283Z	2025-08-14T14:03:21.101Z
130	3	genista germanica	20250715091345	7.113305	46.032707	73329	dbgi_413	Mazzarine Laboureau	2025-08-12T11:52:29.429Z	2025-08-14T14:03:25.041Z
131	4	penstemon cobaea	20250715091435	7.113386	46.03275	72992	dbgi_006668	Émilie Lab	2025-08-12T11:52:18.510Z	2025-08-29T12:05:00.333Z
131	4	penstemon cobaea	20250715091435	7.113386	46.03275	73047	dbgi_201	Émilie Lab	2025-08-12T11:52:20.293Z	2025-08-14T14:03:15.820Z
131	4	penstemon cobaea	20250715091435	7.113386	46.03275	73151	dbgi_256	Émilie Lab	2025-08-12T11:52:23.597Z	2025-08-14T14:03:19.425Z
131	4	penstemon cobaea	20250715091435	7.113386	46.03275	73276	dbgi_360	Émilie Lab	2025-08-12T11:52:27.744Z	2025-08-14T14:03:23.410Z
132	3	gladiolus imbricatus	20250715091812	7.113284	46.03271	73101	dbgi_007174	Mazzarine Laboureau	2025-08-12T11:52:22.022Z	2025-08-29T12:05:02.072Z
132	3	gladiolus imbricatus	20250715091812	7.113284	46.03271	73205	dbgi_310	Mazzarine Laboureau	2025-08-12T11:52:25.313Z	2025-08-14T14:03:21.133Z
132	3	gladiolus imbricatus	20250715091812	7.113284	46.03271	73330	dbgi_414	Mazzarine Laboureau	2025-08-12T11:52:29.460Z	2025-08-14T14:03:25.067Z
133	3	armeria arenaria	20250715092118	7.113291	46.032715	73102	dbgi_007143	Mazzarine Laboureau	2025-08-12T11:52:22.055Z	2025-08-29T12:05:02.103Z
133	3	armeria arenaria	20250715092118	7.113291	46.032715	73206	dbgi_311	Mazzarine Laboureau	2025-08-12T11:52:25.346Z	2025-08-14T14:03:21.165Z
133	3	armeria arenaria	20250715092118	7.113291	46.032715	73331	dbgi_415	Mazzarine Laboureau	2025-08-12T11:52:29.489Z	2025-08-14T14:03:25.095Z
134	4	hieracium bornmuelleri	20250715092138	7.113387	46.032764	72995	dbgi_006688	Émilie Lab	2025-08-12T11:52:18.612Z	2025-08-29T12:05:00.432Z
134	4	hieracium bornmuelleri	20250715092138	7.113387	46.032764	73050	dbgi_204	Émilie Lab	2025-08-12T11:52:20.398Z	2025-08-14T14:03:15.919Z
134	4	hieracium bornmuelleri	20250715092138	7.113387	46.032764	73154	dbgi_259	Émilie Lab	2025-08-12T11:52:23.689Z	2025-08-14T14:03:19.526Z
134	4	hieracium bornmuelleri	20250715092138	7.113387	46.032764	73279	dbgi_363	Émilie Lab	2025-08-12T11:52:27.838Z	2025-08-14T14:03:23.506Z
135	3	potentilla alba	20250715092339	7.113276	46.032707	73103	dbgi_007144	Mazzarine Laboureau	2025-08-12T11:52:22.087Z	2025-08-29T12:05:02.137Z
135	3	potentilla alba	20250715092339	7.113276	46.032707	73207	dbgi_312	Mazzarine Laboureau	2025-08-12T11:52:25.380Z	2025-08-14T14:03:21.198Z
135	3	potentilla alba	20250715092339	7.113276	46.032707	73332	dbgi_416	Mazzarine Laboureau	2025-08-12T11:52:29.516Z	2025-08-14T14:03:25.121Z
136	3	cytisus nigricans	20250715092638	7.113238	46.032726	73104	dbgi_006970	Mazzarine Laboureau	2025-08-12T11:52:22.118Z	2025-08-29T12:05:02.168Z
136	3	cytisus nigricans	20250715092638	7.113238	46.032726	73208	dbgi_313	Mazzarine Laboureau	2025-08-12T11:52:25.418Z	2025-08-14T14:03:21.230Z
136	3	cytisus nigricans	20250715092638	7.113238	46.032726	73333	dbgi_417	Mazzarine Laboureau	2025-08-12T11:52:29.551Z	2025-08-14T14:03:25.149Z
137	3	potentilla speciosa	20250715092946	7.113255	46.03273	73105	dbgi_006944	Mazzarine Laboureau	2025-08-12T11:52:22.147Z	2025-08-29T12:05:02.201Z
137	3	potentilla speciosa	20250715092946	7.113255	46.03273	73209	dbgi_314	Mazzarine Laboureau	2025-08-12T11:52:25.451Z	2025-08-14T14:03:21.263Z
137	3	potentilla speciosa	20250715092946	7.113255	46.03273	73334	dbgi_418	Mazzarine Laboureau	2025-08-12T11:52:29.579Z	2025-08-14T14:03:25.176Z
138	4	calamintha menthifolia	20250715093106	7.113357	46.032753	72998	dbgi_006657	Émilie Lab	2025-08-12T11:52:18.710Z	2025-08-29T12:05:00.528Z
138	4	calamintha menthifolia	20250715093106	7.113357	46.032753	73053	dbgi_207	Émilie Lab	2025-08-12T11:52:20.504Z	2025-08-14T14:03:16.020Z
138	4	calamintha menthifolia	20250715093106	7.113357	46.032753	73157	dbgi_262	Émilie Lab	2025-08-12T11:52:23.796Z	2025-08-14T14:03:19.624Z
138	4	calamintha menthifolia	20250715093106	7.113357	46.032753	73282	dbgi_366	Émilie Lab	2025-08-12T11:52:27.928Z	2025-08-14T14:03:23.602Z
139	3	dianthus simulans	20250715093238	7.113274	46.03273	73106	dbgi_007175	Mazzarine Laboureau	2025-08-12T11:52:22.176Z	2025-08-29T12:05:02.232Z
139	3	dianthus simulans	20250715093238	7.113274	46.03273	73210	dbgi_315	Mazzarine Laboureau	2025-08-12T11:52:25.488Z	2025-08-14T14:03:21.294Z
139	3	dianthus simulans	20250715093238	7.113274	46.03273	73335	dbgi_419	Mazzarine Laboureau	2025-08-12T11:52:29.613Z	2025-08-14T14:03:25.205Z
140	4	genista germanica	20250715093444	7.113338	46.032738	72999	dbgi_006674	Émilie Lab	2025-08-12T11:52:18.743Z	2025-08-29T12:05:00.558Z
140	4	genista germanica	20250715093444	7.113338	46.032738	73054	dbgi_208	Émilie Lab	2025-08-12T11:52:20.539Z	2025-08-14T14:03:16.053Z
140	4	genista germanica	20250715093444	7.113338	46.032738	73158	dbgi_263	Émilie Lab	2025-08-12T11:52:23.825Z	2025-08-14T14:03:19.655Z
140	4	genista germanica	20250715093444	7.113338	46.032738	73283	dbgi_367	Émilie Lab	2025-08-12T11:52:27.957Z	2025-08-14T14:03:23.635Z
141	3	asclepias syriaca	20250715093654	7.113284	46.032738	73107	dbgi_006610	Mazzarine Laboureau	2025-08-12T11:52:22.213Z	2025-08-29T12:05:02.422Z
141	3	asclepias syriaca	20250715093654	7.113284	46.032738	73211	dbgi_316	Mazzarine Laboureau	2025-08-12T11:52:25.522Z	2025-08-14T14:03:21.326Z
141	3	asclepias syriaca	20250715093654	7.113284	46.032738	73336	dbgi_420	Mazzarine Laboureau	2025-08-12T11:52:29.643Z	2025-08-14T14:03:25.231Z
142	3	cytisus sessilifolius	20250715093858	7.113268	46.032738	73108	dbgi_006609	Mazzarine Laboureau	2025-08-12T11:52:22.243Z	2025-08-29T12:05:02.465Z
142	3	cytisus sessilifolius	20250715093858	7.113268	46.032738	73212	dbgi_317	Mazzarine Laboureau	2025-08-12T11:52:25.561Z	2025-08-14T14:03:21.357Z
142	3	cytisus sessilifolius	20250715093858	7.113268	46.032738	73337	dbgi_421	Mazzarine Laboureau	2025-08-12T11:52:29.682Z	2025-08-14T14:03:25.259Z
143	4	morina longifolia	20250715094212	7.113324	46.032722	73002	dbgi_006680	Émilie Lab	2025-08-12T11:52:18.841Z	2025-08-29T12:05:00.663Z
143	4	morina longifolia	20250715094212	7.113324	46.032722	73057	dbgi_211	Émilie Lab	2025-08-12T11:52:20.642Z	2025-08-14T14:03:16.153Z
143	4	morina longifolia	20250715094212	7.113324	46.032722	73161	dbgi_266	Émilie Lab	2025-08-12T11:52:23.929Z	2025-08-14T14:03:19.752Z
143	4	morina longifolia	20250715094212	7.113324	46.032722	73286	dbgi_370	Émilie Lab	2025-08-12T11:52:28.047Z	2025-08-14T14:03:23.731Z
144	4	zizia aptera	20250715094754	7.113337	46.032738	73004	dbgi_006664	Émilie Lab	2025-08-12T11:52:18.904Z	2025-08-29T12:05:00.732Z
144	4	zizia aptera	20250715094754	7.113337	46.032738	73059	dbgi_213	Émilie Lab	2025-08-12T11:52:20.708Z	2025-08-14T14:03:16.220Z
144	4	zizia aptera	20250715094754	7.113337	46.032738	73163	dbgi_268	Émilie Lab	2025-08-12T11:52:23.996Z	2025-08-14T14:03:19.816Z
144	4	zizia aptera	20250715094754	7.113337	46.032738	73288	dbgi_372	Émilie Lab	2025-08-12T11:52:28.111Z	2025-08-14T14:03:23.794Z
145	4	paeonia daurica	20250715095004	7.11335	46.03276	73005	dbgi_006676	Émilie Lab	2025-08-12T11:52:18.936Z	2025-08-29T12:05:00.765Z
145	4	paeonia daurica	20250715095004	7.11335	46.03276	73060	dbgi_214	Émilie Lab	2025-08-12T11:52:20.741Z	2025-08-14T14:03:16.252Z
145	4	paeonia daurica	20250715095004	7.11335	46.03276	73164	dbgi_269	Émilie Lab	2025-08-12T11:52:24.027Z	2025-08-14T14:03:19.850Z
145	4	paeonia daurica	20250715095004	7.11335	46.03276	73289	dbgi_373	Émilie Lab	2025-08-12T11:52:28.147Z	2025-08-14T14:03:23.826Z
146	3	prunella hyssopifolia	20250715095025	7.113195	46.032753	73111	dbgi_007150	Mazzarine Laboureau	2025-08-12T11:52:22.339Z	2025-08-29T12:05:02.570Z
146	3	prunella hyssopifolia	20250715095025	7.113195	46.032753	73215	dbgi_320	Mazzarine Laboureau	2025-08-12T11:52:25.662Z	2025-08-14T14:03:21.456Z
146	3	prunella hyssopifolia	20250715095025	7.113195	46.032753	73340	dbgi_424	Mazzarine Laboureau	2025-08-12T11:52:29.778Z	2025-08-14T14:03:25.338Z
147	4	erigeron belligifolius	20250715095224	7.11332	46.03274	73006	dbgi_006666	Émilie Lab	2025-08-12T11:52:18.970Z	2025-08-29T12:05:00.796Z
147	4	erigeron belligifolius	20250715095224	7.11332	46.03274	73061	dbgi_215	Émilie Lab	2025-08-12T11:52:20.780Z	2025-08-14T14:03:16.286Z
147	4	erigeron belligifolius	20250715095224	7.11332	46.03274	73165	dbgi_270	Émilie Lab	2025-08-12T11:52:24.056Z	2025-08-14T14:03:19.882Z
147	4	erigeron belligifolius	20250715095224	7.11332	46.03274	73290	dbgi_374	Émilie Lab	2025-08-12T11:52:28.177Z	2025-08-14T14:03:23.858Z
148	3	alchemilla conjuncta	20250715095346	7.113198	46.032764	73112	dbgi_006605	Mazzarine Laboureau	2025-08-12T11:52:22.369Z	2025-08-29T12:05:02.604Z
148	3	alchemilla conjuncta	20250715095346	7.113198	46.032764	73216	dbgi_321	Mazzarine Laboureau	2025-08-12T11:52:25.696Z	2025-08-14T14:03:21.487Z
148	3	alchemilla conjuncta	20250715095346	7.113198	46.032764	73341	dbgi_425	Mazzarine Laboureau	2025-08-12T11:52:29.811Z	2025-08-14T14:03:25.366Z
149	4	knautia purpurea	20250715095415	7.113327	46.032734	73007	dbgi_006631	Émilie Lab	2025-08-12T11:52:19.003Z	2025-08-29T12:05:00.826Z
149	4	knautia purpurea	20250715095415	7.113327	46.032734	73062	dbgi_216	Émilie Lab	2025-08-12T11:52:20.812Z	2025-08-14T14:03:16.318Z
149	4	knautia purpurea	20250715095415	7.113327	46.032734	73166	dbgi_271	Émilie Lab	2025-08-12T11:52:24.091Z	2025-08-14T14:03:19.913Z
149	4	knautia purpurea	20250715095415	7.113327	46.032734	73291	dbgi_375	Émilie Lab	2025-08-12T11:52:28.207Z	2025-08-14T14:03:23.890Z
150	4	potentilla repens	20250715095604	7.113323	46.03274	73008	dbgi_006673	Émilie Lab	2025-08-12T11:52:19.036Z	2025-08-29T12:05:00.859Z
150	4	potentilla repens	20250715095604	7.113323	46.03274	73063	dbgi_217	Émilie Lab	2025-08-12T11:52:20.843Z	2025-08-14T14:03:16.353Z
150	4	potentilla repens	20250715095604	7.113323	46.03274	73167	dbgi_272	Émilie Lab	2025-08-12T11:52:24.120Z	2025-08-14T14:03:19.945Z
150	4	potentilla repens	20250715095604	7.113323	46.03274	73292	dbgi_376	Émilie Lab	2025-08-12T11:52:28.242Z	2025-08-14T14:03:23.923Z
151	3	hebe lindsayi	20250715095613	7.11318	46.032757	73113	dbgi_006618	Mazzarine Laboureau	2025-08-12T11:52:22.401Z	2025-08-29T12:05:02.640Z
151	3	hebe lindsayi	20250715095613	7.11318	46.032757	73217	dbgi_322	Mazzarine Laboureau	2025-08-12T11:52:25.729Z	2025-08-14T14:03:21.520Z
151	3	hebe lindsayi	20250715095613	7.11318	46.032757	73342	dbgi_426	Mazzarine Laboureau	2025-08-12T11:52:29.844Z	2025-08-14T14:03:25.392Z
152	3	molinia caerulea	20250715095802	7.113183	46.032745	73114	dbgi_006612	Mazzarine Laboureau	2025-08-12T11:52:22.431Z	2025-08-29T12:05:02.675Z
152	3	molinia caerulea	20250715095802	7.113183	46.032745	73218	dbgi_323	Mazzarine Laboureau	2025-08-12T11:52:25.760Z	2025-08-14T14:03:21.551Z
152	3	molinia caerulea	20250715095802	7.113183	46.032745	73343	dbgi_427	Mazzarine Laboureau	2025-08-12T11:52:29.875Z	2025-08-14T14:03:25.425Z
153	3	potentilla fruticosa	20250715100414	7.113187	46.032726	73115	dbgi_004139	Mazzarine Laboureau	2025-08-12T11:52:22.459Z	2025-08-29T12:05:02.711Z
153	3	potentilla fruticosa	20250715100414	7.113187	46.032726	73219	dbgi_324	Mazzarine Laboureau	2025-08-12T11:52:25.797Z	2025-08-14T14:03:21.583Z
153	3	potentilla fruticosa	20250715100414	7.113187	46.032726	73344	dbgi_428	Mazzarine Laboureau	2025-08-12T11:52:29.915Z	2025-08-14T14:03:25.456Z
154	3	festuca quadriflora	20250715100714	7.113176	46.03272	73116	dbgi_006608	Mazzarine Laboureau	2025-08-12T11:52:22.495Z	2025-08-29T12:05:02.742Z
154	3	festuca quadriflora	20250715100714	7.113176	46.03272	73220	dbgi_325	Mazzarine Laboureau	2025-08-12T11:52:25.830Z	2025-08-14T14:03:21.616Z
154	3	festuca quadriflora	20250715100714	7.113176	46.03272	73345	dbgi_429	Mazzarine Laboureau	2025-08-12T11:52:29.945Z	2025-08-14T14:03:25.490Z
155	4	polygomum amplexicaule	20250715101006	7.113291	46.032757	73010	dbgi_006672	Émilie Lab	2025-08-12T11:52:19.097Z	2025-08-29T12:05:00.927Z
155	4	polygomum amplexicaule	20250715101006	7.113291	46.032757	73065	dbgi_219	Émilie Lab	2025-08-12T11:52:20.903Z	2025-08-14T14:03:16.422Z
155	4	polygomum amplexicaule	20250715101006	7.113291	46.032757	73169	dbgi_274	Émilie Lab	2025-08-12T11:52:24.182Z	2025-08-14T14:03:20.002Z
155	4	polygomum amplexicaule	20250715101006	7.113291	46.032757	73294	dbgi_378	Émilie Lab	2025-08-12T11:52:28.308Z	2025-08-14T14:03:23.987Z
156	4	centaurea simplicicaulis	20250715101234	7.113313	46.03273	73011	dbgi_006677	Émilie Lab	2025-08-12T11:52:19.124Z	2025-08-29T12:05:00.958Z
156	4	centaurea simplicicaulis	20250715101234	7.113313	46.03273	73066	dbgi_220	Émilie Lab	2025-08-12T11:52:20.940Z	2025-08-14T14:03:16.454Z
156	4	centaurea simplicicaulis	20250715101234	7.113313	46.03273	73170	dbgi_275	Émilie Lab	2025-08-12T11:52:24.216Z	2025-08-14T14:03:20.029Z
156	4	centaurea simplicicaulis	20250715101234	7.113313	46.03273	73295	dbgi_379	Émilie Lab	2025-08-12T11:52:28.338Z	2025-08-14T14:03:24.019Z
157	3	gentiana asclepiadea	20250715101933	7.113213	46.032722	73118	dbgi_007081	Mazzarine Laboureau	2025-08-12T11:52:22.555Z	2025-08-29T12:05:02.806Z
157	3	gentiana asclepiadea	20250715101933	7.113213	46.032722	73222	dbgi_327	Mazzarine Laboureau	2025-08-12T11:52:25.896Z	2025-08-14T14:03:21.680Z
157	3	gentiana asclepiadea	20250715101933	7.113213	46.032722	73347	dbgi_431	Mazzarine Laboureau	2025-08-12T11:52:30.012Z	2025-08-14T14:03:25.555Z
158	3	iris missouriensis	20250715102146	7.113194	46.032734	73119	dbgi_007061	Mazzarine Laboureau	2025-08-12T11:52:22.588Z	2025-08-29T12:05:02.838Z
158	3	iris missouriensis	20250715102146	7.113194	46.032734	73223	dbgi_328	Mazzarine Laboureau	2025-08-12T11:52:25.930Z	2025-08-14T14:03:21.713Z
158	3	iris missouriensis	20250715102146	7.113194	46.032734	73348	dbgi_432	Mazzarine Laboureau	2025-08-12T11:52:30.046Z	2025-08-14T14:03:25.586Z
159	4	potentilla alba	20250715102151	7.113284	46.032753	73014	dbgi_006738	Émilie Lab	2025-08-12T11:52:19.221Z	2025-08-29T12:05:01.053Z
159	4	potentilla alba	20250715102151	7.113284	46.032753	73069	dbgi_223	Émilie Lab	2025-08-12T11:52:21.031Z	2025-08-14T14:03:16.558Z
159	4	potentilla alba	20250715102151	7.113284	46.032753	73173	dbgi_278	Émilie Lab	2025-08-12T11:52:24.307Z	2025-08-14T14:03:20.110Z
159	4	potentilla alba	20250715102151	7.113284	46.032753	73298	dbgi_382	Émilie Lab	2025-08-12T11:52:28.431Z	2025-08-14T14:03:24.113Z
160	3	dryas octopetala	20250715102407	7.113222	46.032722	73120	dbgi_007046	Mazzarine Laboureau	2025-08-12T11:52:22.623Z	2025-08-29T12:05:02.874Z
160	3	dryas octopetala	20250715102407	7.113222	46.032722	73224	dbgi_329	Mazzarine Laboureau	2025-08-12T11:52:25.963Z	2025-08-14T14:03:21.745Z
160	3	dryas octopetala	20250715102407	7.113222	46.032722	73349	dbgi_433	Mazzarine Laboureau	2025-08-12T11:52:30.079Z	2025-08-14T14:03:25.620Z
161	3	dianthus gratianapolitanus	20250715102539	7.113233	46.032722	73121	dbgi_007060	Mazzarine Laboureau	2025-08-12T11:52:22.657Z	2025-08-29T12:05:02.906Z
161	3	dianthus gratianapolitanus	20250715102539	7.113233	46.032722	73225	dbgi_330	Mazzarine Laboureau	2025-08-12T11:52:26.001Z	2025-08-14T14:03:21.777Z
161	3	dianthus gratianapolitanus	20250715102539	7.113233	46.032722	73350	dbgi_434	Mazzarine Laboureau	2025-08-12T11:52:30.110Z	2025-08-14T14:03:25.651Z
162	4	daphne pontica	20250715102811	7.113298	46.032764	73017	dbgi_006768	Émilie Lab	2025-08-12T11:52:19.308Z	2025-08-29T12:05:01.151Z
162	4	daphne pontica	20250715102811	7.113298	46.032764	73072	dbgi_226	Émilie Lab	2025-08-12T11:52:21.131Z	2025-08-14T14:03:16.659Z
162	4	daphne pontica	20250715102811	7.113298	46.032764	73176	dbgi_281	Émilie Lab	2025-08-12T11:52:24.402Z	2025-08-14T14:03:20.190Z
162	4	daphne pontica	20250715102811	7.113298	46.032764	73301	dbgi_385	Émilie Lab	2025-08-12T11:52:28.523Z	2025-08-14T14:03:24.208Z
163	4	phleum phleoides	20250715103020	7.113342	46.032772	73018	dbgi_006763	Émilie Lab	2025-08-12T11:52:19.338Z	2025-08-29T12:05:01.184Z
163	4	phleum phleoides	20250715103020	7.113342	46.032772	73073	dbgi_227	Émilie Lab	2025-08-12T11:52:21.162Z	2025-08-14T14:03:16.696Z
163	4	phleum phleoides	20250715103020	7.113342	46.032772	73177	dbgi_282	Émilie Lab	2025-08-12T11:52:24.434Z	2025-08-14T14:03:20.218Z
163	4	phleum phleoides	20250715103020	7.113342	46.032772	73302	dbgi_386	Émilie Lab	2025-08-12T11:52:28.558Z	2025-08-14T14:03:24.240Z
164	3	rosa majalis	20250715103208	7.113414	46.03275	73122	dbgi_007063	Mazzarine Laboureau	2025-08-12T11:52:22.691Z	2025-08-29T12:05:02.951Z
164	3	rosa majalis	20250715103208	7.113414	46.03275	73226	dbgi_331	Mazzarine Laboureau	2025-08-12T11:52:26.033Z	2025-08-14T14:03:21.809Z
164	3	rosa majalis	20250715103208	7.113414	46.03275	73351	dbgi_435	Mazzarine Laboureau	2025-08-12T11:52:30.141Z	2025-08-14T14:03:25.684Z
165	4	festuca valesiaca	20250715103211	7.113316	46.032753	73019	dbgi_006747	Émilie Lab	2025-08-12T11:52:19.377Z	2025-08-29T12:05:01.214Z
165	4	festuca valesiaca	20250715103211	7.113316	46.032753	73074	dbgi_228	Émilie Lab	2025-08-12T11:52:21.192Z	2025-08-14T14:03:16.730Z
165	4	festuca valesiaca	20250715103211	7.113316	46.032753	73178	dbgi_283	Émilie Lab	2025-08-12T11:52:24.464Z	2025-08-14T14:03:20.245Z
165	4	festuca valesiaca	20250715103211	7.113316	46.032753	73303	dbgi_387	Émilie Lab	2025-08-12T11:52:28.587Z	2025-08-14T14:03:24.274Z
166	4	koeleria vallesiana	20250715103401	7.113348	46.032753	73020	dbgi_006739	Émilie Lab	2025-08-12T11:52:19.407Z	2025-08-29T12:05:01.246Z
166	4	koeleria vallesiana	20250715103401	7.113348	46.032753	73075	dbgi_229	Émilie Lab	2025-08-12T11:52:21.230Z	2025-08-14T14:03:16.768Z
166	4	koeleria vallesiana	20250715103401	7.113348	46.032753	73179	dbgi_284	Émilie Lab	2025-08-12T11:52:24.498Z	2025-08-14T14:03:20.278Z
166	4	koeleria vallesiana	20250715103401	7.113348	46.032753	73304	dbgi_388	Émilie Lab	2025-08-12T11:52:28.618Z	2025-08-14T14:03:24.304Z
167	3	prunella grandiflora	20250715103704	7.11341	46.032757	73123	dbgi_007050	Mazzarine Laboureau	2025-08-12T11:52:22.723Z	2025-08-29T12:05:02.984Z
167	3	prunella grandiflora	20250715103704	7.11341	46.032757	73227	dbgi_332	Mazzarine Laboureau	2025-08-12T11:52:26.070Z	2025-08-14T14:03:21.841Z
167	3	prunella grandiflora	20250715103704	7.11341	46.032757	73352	dbgi_436	Mazzarine Laboureau	2025-08-12T11:52:30.171Z	2025-08-14T14:03:25.718Z
168	4	koeleria macrantha	20250715104019	7.113301	46.03278	73021	dbgi_006711	Émilie Lab	2025-08-12T11:52:19.441Z	2025-08-29T12:05:01.277Z
168	4	koeleria macrantha	20250715104019	7.113301	46.03278	73076	dbgi_230	Émilie Lab	2025-08-12T11:52:21.261Z	2025-08-14T14:03:16.801Z
168	4	koeleria macrantha	20250715104019	7.113301	46.03278	73180	dbgi_285	Émilie Lab	2025-08-12T11:52:24.529Z	2025-08-14T14:03:20.310Z
168	4	koeleria macrantha	20250715104019	7.113301	46.03278	73305	dbgi_389	Émilie Lab	2025-08-12T11:52:28.648Z	2025-08-14T14:03:24.335Z
169	4	festuca curvula	20250715104204	7.113296	46.03278	73022	dbgi_006634	Émilie Lab	2025-08-12T11:52:19.474Z	2025-08-29T12:05:01.309Z
169	4	festuca curvula	20250715104204	7.113296	46.03278	73077	dbgi_231	Émilie Lab	2025-08-12T11:52:21.296Z	2025-08-14T14:03:16.834Z
169	4	festuca curvula	20250715104204	7.113296	46.03278	73181	dbgi_286	Émilie Lab	2025-08-12T11:52:24.559Z	2025-08-14T14:03:20.343Z
169	4	festuca curvula	20250715104204	7.113296	46.03278	73306	dbgi_390	Émilie Lab	2025-08-12T11:52:28.678Z	2025-08-14T14:03:24.366Z
170	4	euphorbia seguieriana	20250715104341	7.113301	46.03278	73023	dbgi_006745	Émilie Lab	2025-08-12T11:52:19.509Z	2025-08-29T12:05:01.340Z
170	4	euphorbia seguieriana	20250715104341	7.113301	46.03278	73078	dbgi_232	Émilie Lab	2025-08-12T11:52:21.325Z	2025-08-14T14:03:16.867Z
170	4	euphorbia seguieriana	20250715104341	7.113301	46.03278	73182	dbgi_287	Émilie Lab	2025-08-12T11:52:24.589Z	2025-08-14T14:03:20.375Z
170	4	euphorbia seguieriana	20250715104341	7.113301	46.03278	73307	dbgi_391	Émilie Lab	2025-08-12T11:52:28.710Z	2025-08-14T14:03:24.398Z
171	4	potentilla verna	20250715104521	7.113316	46.032784	73024	dbgi_006764	Émilie Lab	2025-08-12T11:52:19.543Z	2025-08-29T12:05:01.373Z
171	4	potentilla verna	20250715104521	7.113316	46.032784	73079	dbgi_233	Émilie Lab	2025-08-12T11:52:21.354Z	2025-08-14T14:03:16.902Z
171	4	potentilla verna	20250715104521	7.113316	46.032784	73183	dbgi_288	Émilie Lab	2025-08-12T11:52:24.619Z	2025-08-14T14:03:20.408Z
171	4	potentilla verna	20250715104521	7.113316	46.032784	73308	dbgi_392	Émilie Lab	2025-08-12T11:52:28.742Z	2025-08-14T14:03:24.431Z
172	3	gentiana cruciata	20250715105307	7.113394	46.03275	73125	dbgi_007043	Mazzarine Laboureau	2025-08-12T11:52:22.790Z	2025-08-29T12:05:03.048Z
172	3	gentiana cruciata	20250715105307	7.113394	46.03275	73229	dbgi_334	Mazzarine Laboureau	2025-08-12T11:52:26.141Z	2025-08-14T14:03:21.904Z
172	3	gentiana cruciata	20250715105307	7.113394	46.03275	73354	dbgi_438	Mazzarine Laboureau	2025-08-12T11:52:30.249Z	2025-08-14T14:03:25.783Z
173	4	bothriochloa ischaemum	20250715105332	7.113317	46.03279	73026	dbgi_006759	Émilie Lab	2025-08-12T11:52:19.607Z	2025-08-29T12:05:01.436Z
173	4	bothriochloa ischaemum	20250715105332	7.113317	46.03279	73081	dbgi_235	Émilie Lab	2025-08-12T11:52:21.419Z	2025-08-14T14:03:16.968Z
173	4	bothriochloa ischaemum	20250715105332	7.113317	46.03279	73185	dbgi_290	Émilie Lab	2025-08-12T11:52:24.686Z	2025-08-14T14:03:20.473Z
173	4	bothriochloa ischaemum	20250715105332	7.113317	46.03279	73310	dbgi_394	Émilie Lab	2025-08-12T11:52:28.810Z	2025-08-14T14:03:24.495Z
174	3	rosa coriifolia	20250715105419	7.113409	46.032764	73126	dbgi_007139	Mazzarine Laboureau	2025-08-12T11:52:22.819Z	2025-08-29T12:05:03.074Z
174	3	rosa coriifolia	20250715105419	7.113409	46.032764	73230	dbgi_335	Mazzarine Laboureau	2025-08-12T11:52:26.177Z	2025-08-14T14:03:21.935Z
174	3	rosa coriifolia	20250715105419	7.113409	46.032764	73355	dbgi_439	Mazzarine Laboureau	2025-08-12T11:52:30.273Z	2025-08-14T14:03:25.815Z
175	4	thymus praecox	20250715105533	7.113344	46.032784	73027	dbgi_006753	Émilie Lab	2025-08-12T11:52:19.636Z	2025-08-29T12:05:01.467Z
175	4	thymus praecox	20250715105533	7.113344	46.032784	73082	dbgi_236	Émilie Lab	2025-08-12T11:52:21.449Z	2025-08-14T14:03:17.000Z
175	4	thymus praecox	20250715105533	7.113344	46.032784	73186	dbgi_291	Émilie Lab	2025-08-12T11:52:24.713Z	2025-08-14T14:03:20.504Z
175	4	thymus praecox	20250715105533	7.113344	46.032784	73311	dbgi_395	Émilie Lab	2025-08-12T11:52:28.841Z	2025-08-14T14:03:24.527Z
176	3	inula salicina	20250715105545	7.113406	46.03277	73127	dbgi_007039	Mazzarine Laboureau	2025-08-12T11:52:22.849Z	2025-08-29T12:05:03.098Z
176	3	inula salicina	20250715105545	7.113406	46.03277	73231	dbgi_336	Mazzarine Laboureau	2025-08-12T11:52:26.208Z	2025-08-14T14:03:21.968Z
176	3	inula salicina	20250715105545	7.113406	46.03277	73356	dbgi_440	Mazzarine Laboureau	2025-08-12T11:52:30.309Z	2025-08-14T14:03:25.846Z
177	4	centaurea scabiosa	20250715105932	7.113295	46.032787	73028	dbgi_006706	Émilie Lab	2025-08-12T11:52:19.674Z	2025-08-29T12:05:01.496Z
177	4	centaurea scabiosa	20250715105932	7.113295	46.032787	73083	dbgi_237	Émilie Lab	2025-08-12T11:52:21.478Z	2025-08-14T14:03:17.035Z
177	4	centaurea scabiosa	20250715105932	7.113295	46.032787	73187	dbgi_292	Émilie Lab	2025-08-12T11:52:24.745Z	2025-08-14T14:03:20.538Z
177	4	centaurea scabiosa	20250715105932	7.113295	46.032787	73312	dbgi_396	Émilie Lab	2025-08-12T11:52:28.875Z	2025-08-14T14:03:24.558Z
178	3	quercus pubescens	20250715110317	7.113373	46.032795	73130	dbgi_007057	Mazzarine Laboureau	2025-08-12T11:52:22.950Z	2025-08-29T12:05:03.188Z
178	3	quercus pubescens	20250715110317	7.113373	46.032795	73234	dbgi_339	Mazzarine Laboureau	2025-08-12T11:52:26.314Z	2025-08-14T14:03:22.063Z
178	3	quercus pubescens	20250715110317	7.113373	46.032795	73359	dbgi_443	Mazzarine Laboureau	2025-08-12T11:52:30.401Z	2025-08-14T14:03:25.945Z
179	4	nepeta nuda	20250715110451	7.113305	46.03281	73030	dbgi_007155	Émilie Lab	2025-08-12T11:52:19.745Z	2025-08-29T12:05:01.565Z
179	4	nepeta nuda	20250715110451	7.113305	46.03281	73085	dbgi_239	Émilie Lab	2025-08-12T11:52:21.545Z	2025-08-14T14:03:17.103Z
179	4	nepeta nuda	20250715110451	7.113305	46.03281	73189	dbgi_294	Émilie Lab	2025-08-12T11:52:24.807Z	2025-08-14T14:03:20.604Z
179	4	nepeta nuda	20250715110451	7.113305	46.03281	73314	dbgi_398	Émilie Lab	2025-08-12T11:52:28.941Z	2025-08-14T14:03:24.621Z
180	3	rosa micrantha	20250715110519	7.113385	46.032803	73131	dbgi_007142	Mazzarine Laboureau	2025-08-12T11:52:22.978Z	2025-08-29T12:05:03.215Z
180	3	rosa micrantha	20250715110519	7.113385	46.032803	73235	dbgi_340	Mazzarine Laboureau	2025-08-12T11:52:26.353Z	2025-08-14T14:03:22.096Z
180	3	rosa micrantha	20250715110519	7.113385	46.032803	73360	dbgi_444	Mazzarine Laboureau	2025-08-12T11:52:30.438Z	2025-08-14T14:03:25.976Z
181	4	artemisia campestris	20250715110618	7.113328	46.032795	73031	dbgi_007130	Émilie Lab	2025-08-12T11:52:19.775Z	2025-08-29T12:05:01.593Z
181	4	artemisia campestris	20250715110618	7.113328	46.032795	73086	dbgi_240	Émilie Lab	2025-08-12T11:52:21.571Z	2025-08-14T14:03:17.136Z
181	4	artemisia campestris	20250715110618	7.113328	46.032795	73190	dbgi_295	Émilie Lab	2025-08-12T11:52:24.838Z	2025-08-14T14:03:20.639Z
181	4	artemisia campestris	20250715110618	7.113328	46.032795	73315	dbgi_399	Émilie Lab	2025-08-12T11:52:28.970Z	2025-08-14T14:03:24.654Z
182	3	sorbus aucuparia	20250715110700	7.113405	46.032818	73132	dbgi_007048	Mazzarine Laboureau	2025-08-12T11:52:23.007Z	2025-08-29T12:05:03.241Z
182	3	sorbus aucuparia	20250715110700	7.113405	46.032818	73236	dbgi_341	Mazzarine Laboureau	2025-08-12T11:52:26.394Z	2025-08-14T14:03:22.127Z
182	3	sorbus aucuparia	20250715110700	7.113405	46.032818	73361	dbgi_445	Mazzarine Laboureau	2025-08-12T11:52:30.476Z	2025-08-14T14:03:26.009Z
183	3	arnica montana	20250715110852	7.113385	46.032818	73133	dbgi_007054	Mazzarine Laboureau	2025-08-12T11:52:23.040Z	2025-08-29T12:05:03.265Z
183	3	arnica montana	20250715110852	7.113385	46.032818	73237	dbgi_342	Mazzarine Laboureau	2025-08-12T11:52:26.424Z	2025-08-14T14:03:22.160Z
183	3	arnica montana	20250715110852	7.113385	46.032818	73362	dbgi_446	Mazzarine Laboureau	2025-08-12T11:52:30.513Z	2025-08-14T14:03:26.040Z
184	3	rosa subcanina	20250715111049	7.113376	46.032814	73134	dbgi_007058	Mazzarine Laboureau	2025-08-12T11:52:23.069Z	2025-08-29T12:05:03.290Z
184	3	rosa subcanina	20250715111049	7.113376	46.032814	73238	dbgi_343	Mazzarine Laboureau	2025-08-12T11:52:26.459Z	2025-08-14T14:03:22.191Z
184	3	rosa subcanina	20250715111049	7.113376	46.032814	73363	dbgi_447	Mazzarine Laboureau	2025-08-12T11:52:30.542Z	2025-08-14T14:03:26.073Z
185	4	cerastium argenteum	20250715111120	7.113335	46.03281	73032	dbgi_006904	Émilie Lab	2025-08-12T11:52:19.806Z	2025-08-29T12:05:01.623Z
185	4	cerastium argenteum	20250715111120	7.113335	46.03281	73087	dbgi_241	Émilie Lab	2025-08-12T11:52:21.603Z	2025-08-14T14:03:17.170Z
185	4	cerastium argenteum	20250715111120	7.113335	46.03281	73191	dbgi_296	Émilie Lab	2025-08-12T11:52:24.867Z	2025-08-14T14:03:20.676Z
185	4	cerastium argenteum	20250715111120	7.113335	46.03281	73316	dbgi_400	Émilie Lab	2025-08-12T11:52:29.000Z	2025-08-14T14:03:24.684Z
186	3	campanula barbata	20250715111357	7.11342	46.032875	73135	dbgi_007080	Mazzarine Laboureau	2025-08-12T11:52:23.103Z	2025-08-29T12:05:03.314Z
186	3	campanula barbata	20250715111357	7.11342	46.032875	73239	dbgi_344	Mazzarine Laboureau	2025-08-12T11:52:26.498Z	2025-08-14T14:03:22.224Z
186	3	campanula barbata	20250715111357	7.11342	46.032875	73364	dbgi_448	Mazzarine Laboureau	2025-08-12T11:52:30.573Z	2025-08-14T14:03:26.104Z
187	4	artemisia vallesiaca	20250715111450	7.113306	46.03276	73033	dbgi_006726	Émilie Lab	2025-08-12T11:52:19.842Z	2025-08-29T12:05:01.651Z
187	4	artemisia vallesiaca	20250715111450	7.113306	46.03276	73088	dbgi_242	Émilie Lab	2025-08-12T11:52:21.630Z	2025-08-14T14:03:17.207Z
187	4	artemisia vallesiaca	20250715111450	7.113306	46.03276	73192	dbgi_297	Émilie Lab	2025-08-12T11:52:24.896Z	2025-08-14T14:03:20.709Z
187	4	artemisia vallesiaca	20250715111450	7.113306	46.03276	73317	dbgi_401	Émilie Lab	2025-08-12T11:52:29.034Z	2025-08-14T14:03:24.716Z
188	3	luzula nivea	20250715111542	7.113406	46.03289	73136	dbgi_007051	Mazzarine Laboureau	2025-08-12T11:52:23.134Z	2025-08-29T12:05:03.339Z
188	3	luzula nivea	20250715111542	7.113406	46.03289	73240	dbgi_345	Mazzarine Laboureau	2025-08-12T11:52:26.531Z	2025-08-14T14:03:22.259Z
188	3	luzula nivea	20250715111542	7.113406	46.03289	73365	dbgi_449	Mazzarine Laboureau	2025-08-12T11:52:30.605Z	2025-08-14T14:03:26.136Z
189	3	festuca paniculata	20250715111729	7.113317	46.0328	73137	dbgi_007138	Mazzarine Laboureau	2025-08-12T11:52:23.162Z	2025-08-29T12:05:03.364Z
189	3	festuca paniculata	20250715111729	7.113317	46.0328	73241	dbgi_346	Mazzarine Laboureau	2025-08-12T11:52:26.569Z	2025-08-14T14:03:22.291Z
189	3	festuca paniculata	20250715111729	7.113317	46.0328	73366	dbgi_450	Mazzarine Laboureau	2025-08-12T11:52:30.633Z	2025-08-14T14:03:26.167Z
190	3	vaccinium vitis-idaea	20250715111945	7.113325	46.03279	73138	dbgi_007053	Mazzarine Laboureau	2025-08-12T11:52:23.194Z	2025-08-29T12:05:03.394Z
190	3	vaccinium vitis-idaea	20250715111945	7.113325	46.03279	73242	dbgi_347	Mazzarine Laboureau	2025-08-12T11:52:26.605Z	2025-08-14T14:03:22.323Z
190	3	vaccinium vitis-idaea	20250715111945	7.113325	46.03279	73367	dbgi_451	Mazzarine Laboureau	2025-08-12T11:52:30.667Z	2025-08-14T14:03:26.200Z
191	3	juniperus communis	20250715112503	7.113308	46.032784	73139	dbgi_007044	Mazzarine Laboureau	2025-08-12T11:52:23.222Z	2025-08-29T12:05:03.418Z
191	3	juniperus communis	20250715112503	7.113308	46.032784	73243	dbgi_348	Mazzarine Laboureau	2025-08-12T11:52:26.636Z	2025-08-14T14:03:22.355Z
191	3	juniperus communis	20250715112503	7.113308	46.032784	73368	dbgi_452	Mazzarine Laboureau	2025-08-12T11:52:30.701Z	2025-08-14T14:03:26.231Z
192	3	koeleria macrantha	20250715112920	7.113279	46.032776	73140	dbgi_007084	Mazzarine Laboureau	2025-08-12T11:52:23.251Z	2025-08-29T12:05:03.443Z
192	3	koeleria macrantha	20250715112920	7.113279	46.032776	73244	dbgi_349	Mazzarine Laboureau	2025-08-12T11:52:26.675Z	2025-08-14T14:03:22.386Z
192	3	koeleria macrantha	20250715112920	7.113279	46.032776	73369	dbgi_453	Mazzarine Laboureau	2025-08-12T11:52:30.733Z	2025-08-14T14:03:26.264Z
193	4	carex humilis	20250715113125	7.113318	46.03277	73034	dbgi_006856	Émilie Lab	2025-08-12T11:52:19.875Z	2025-08-29T12:05:01.680Z
193	4	carex humilis	20250715113125	7.113318	46.03277	73089	dbgi_243	Émilie Lab	2025-08-12T11:52:21.661Z	2025-08-14T14:03:17.245Z
193	4	carex humilis	20250715113125	7.113318	46.03277	73193	dbgi_298	Émilie Lab	2025-08-12T11:52:24.934Z	2025-08-14T14:03:20.741Z
193	4	carex humilis	20250715113125	7.113318	46.03277	73318	dbgi_402	Émilie Lab	2025-08-12T11:52:29.061Z	2025-08-14T14:03:24.743Z
194	3	sempervivum tectorum	20250715113204	7.113264	46.032776	73141	dbgi_007055	Mazzarine Laboureau	2025-08-12T11:52:23.278Z	2025-08-29T12:05:03.467Z
194	3	sempervivum tectorum	20250715113204	7.113264	46.032776	73245	dbgi_350	Mazzarine Laboureau	2025-08-12T11:52:26.709Z	2025-08-14T14:03:22.418Z
194	3	sempervivum tectorum	20250715113204	7.113264	46.032776	73370	dbgi_454	Mazzarine Laboureau	2025-08-12T11:52:30.760Z	2025-08-14T14:03:26.296Z
195	4	onosma pseudoarenaria	20250715113409	7.113277	46.03278	73035	dbgi_006743	Émilie Lab	2025-08-12T11:52:19.907Z	2025-08-29T12:05:01.711Z
195	4	onosma pseudoarenaria	20250715113409	7.113277	46.03278	73090	dbgi_244	Émilie Lab	2025-08-12T11:52:21.689Z	2025-08-14T14:03:17.281Z
195	4	onosma pseudoarenaria	20250715113409	7.113277	46.03278	73194	dbgi_299	Émilie Lab	2025-08-12T11:52:24.964Z	2025-08-14T14:03:20.772Z
195	4	onosma pseudoarenaria	20250715113409	7.113277	46.03278	73319	dbgi_403	Émilie Lab	2025-08-12T11:52:29.096Z	2025-08-14T14:03:24.770Z
196	3	potentilla pusilla	20250715113453	7.113251	46.032776	73142	dbgi_007062	Mazzarine Laboureau	2025-08-12T11:52:23.310Z	2025-08-29T12:05:03.492Z
196	3	potentilla pusilla	20250715113453	7.113251	46.032776	73246	dbgi_351	Mazzarine Laboureau	2025-08-12T11:52:26.741Z	2025-08-14T14:03:22.450Z
196	3	potentilla pusilla	20250715113453	7.113251	46.032776	73371	dbgi_455	Mazzarine Laboureau	2025-08-12T11:52:30.796Z	2025-08-14T14:03:26.328Z
197	4	viola rupestris	20250715113614	7.113283	46.03278	73036	dbgi_006762	Émilie Lab	2025-08-12T11:52:19.937Z	2025-08-29T12:05:01.745Z
197	4	viola rupestris	20250715113614	7.113283	46.03278	73091	dbgi_245	Émilie Lab	2025-08-12T11:52:21.715Z	2025-08-14T14:03:17.321Z
197	4	viola rupestris	20250715113614	7.113283	46.03278	73195	dbgi_300	Émilie Lab	2025-08-12T11:52:24.999Z	2025-08-14T14:03:20.804Z
197	4	viola rupestris	20250715113614	7.113283	46.03278	73320	dbgi_404	Émilie Lab	2025-08-12T11:52:29.126Z	2025-08-14T14:03:24.796Z
198	3	dracocephalum ruyschiana	20250715113807	7.113255	46.03278	73143	dbgi_007091	Mazzarine Laboureau	2025-08-12T11:52:23.340Z	2025-08-29T12:05:03.516Z
198	3	dracocephalum ruyschiana	20250715113807	7.113255	46.03278	73247	dbgi_352	Mazzarine Laboureau	2025-08-12T11:52:26.780Z	2025-08-14T14:03:22.482Z
198	3	dracocephalum ruyschiana	20250715113807	7.113255	46.03278	73372	dbgi_456	Mazzarine Laboureau	2025-08-12T11:52:30.825Z	2025-08-14T14:03:26.359Z
199	4	molinia arundinacea	20250715113931	7.11322	46.032776	73037	dbgi_006707	Émilie Lab	2025-08-12T11:52:19.969Z	2025-08-29T12:05:01.776Z
199	4	molinia arundinacea	20250715113931	7.11322	46.032776	73092	dbgi_246	Émilie Lab	2025-08-12T11:52:21.746Z	2025-08-14T14:03:17.360Z
199	4	molinia arundinacea	20250715113931	7.11322	46.032776	73196	dbgi_301	Émilie Lab	2025-08-12T11:52:25.032Z	2025-08-14T14:03:20.835Z
199	4	molinia arundinacea	20250715113931	7.11322	46.032776	73321	dbgi_405	Émilie Lab	2025-08-12T11:52:29.164Z	2025-08-14T14:03:24.824Z
200	3	ranunculus gramineus	20250715114543	7.113295	46.03278	73144	dbgi_006826	Mazzarine Laboureau	2025-08-12T11:52:23.371Z	2025-08-29T12:05:03.542Z
200	3	ranunculus gramineus	20250715114543	7.113295	46.03278	73248	dbgi_353	Mazzarine Laboureau	2025-08-12T11:52:26.816Z	2025-08-14T14:03:22.513Z
200	3	ranunculus gramineus	20250715114543	7.113295	46.03278	73373	dbgi_457	Mazzarine Laboureau	2025-08-12T11:52:30.856Z	2025-08-14T14:03:26.392Z
201	4	ephedra helvetica	20250715114901	7.11329	46.03277	73038	dbgi_006781	Émilie Lab	2025-08-12T11:52:19.999Z	2025-08-29T12:05:01.809Z
201	4	ephedra helvetica	20250715114901	7.11329	46.03277	73093	dbgi_247	Émilie Lab	2025-08-12T11:52:21.779Z	2025-08-14T14:03:17.398Z
201	4	ephedra helvetica	20250715114901	7.11329	46.03277	73197	dbgi_302	Émilie Lab	2025-08-12T11:52:25.065Z	2025-08-14T14:03:20.869Z
201	4	ephedra helvetica	20250715114901	7.11329	46.03277	73322	dbgi_406	Émilie Lab	2025-08-12T11:52:29.196Z	2025-08-14T14:03:24.850Z
202	4	teucrium montanum	20250715115125	7.113314	46.03277	73039	dbgi_006841	Émilie Lab	2025-08-12T11:52:20.033Z	2025-08-29T12:05:01.843Z
202	4	teucrium montanum	20250715115125	7.113314	46.03277	73094	dbgi_248	Émilie Lab	2025-08-12T11:52:21.809Z	2025-08-14T14:03:17.434Z
202	4	teucrium montanum	20250715115125	7.113314	46.03277	73198	dbgi_303	Émilie Lab	2025-08-12T11:52:25.097Z	2025-08-14T14:03:20.900Z
202	4	teucrium montanum	20250715115125	7.113314	46.03277	73323	dbgi_407	Émilie Lab	2025-08-12T11:52:29.234Z	2025-08-14T14:03:24.877Z
203	4	stipa eriocaulis	20250715115405	7.11329	46.032784	73040	dbgi_006842	Émilie Lab	2025-08-12T11:52:20.067Z	2025-08-29T12:05:01.880Z
203	4	stipa eriocaulis	20250715115405	7.11329	46.032784	73095	dbgi_249	Émilie Lab	2025-08-12T11:52:21.840Z	2025-08-14T14:03:17.471Z
203	4	stipa eriocaulis	20250715115405	7.11329	46.032784	73199	dbgi_304	Émilie Lab	2025-08-12T11:52:25.129Z	2025-08-14T14:03:20.933Z
203	4	stipa eriocaulis	20250715115405	7.11329	46.032784	73324	dbgi_408	Émilie Lab	2025-08-12T11:52:29.263Z	2025-08-14T14:03:24.903Z
204	2	juniperus sabina	20250715130019	7.113226	46.032776	73249	dbgi_006827	Émilie Lab	2025-08-12T11:52:26.848Z	2025-08-29T12:05:03.566Z
204	2	juniperus sabina	20250715130019	7.113226	46.032776	73374	dbgi_458	Émilie Lab	2025-08-12T11:52:30.890Z	2025-08-14T14:03:26.423Z
205	2	lonicera etrusca	20250715130401	7.113276	46.032784	73250	dbgi_006851	Émilie Lab	2025-08-12T11:52:26.882Z	2025-08-29T12:05:03.592Z
205	2	lonicera etrusca	20250715130401	7.113276	46.032784	73375	dbgi_459	Émilie Lab	2025-08-12T11:52:30.923Z	2025-08-14T14:03:26.455Z
206	2	rosa sherardii	20250715131119	7.113231	46.032757	73252	dbgi_006782	Émilie Lab	2025-08-12T11:52:26.953Z	2025-08-29T12:05:03.640Z
206	2	rosa sherardii	20250715131119	7.113231	46.032757	73377	dbgi_461	Émilie Lab	2025-08-12T11:52:30.986Z	2025-08-14T14:03:26.519Z
207	2	anemone rivularis	20250715131340	7.113207	46.03278	73253	dbgi_006780	Émilie Lab	2025-08-12T11:52:26.982Z	2025-08-29T12:05:03.665Z
207	2	anemone rivularis	20250715131340	7.113207	46.03278	73378	dbgi_462	Émilie Lab	2025-08-12T11:52:31.023Z	2025-08-14T14:03:26.550Z
208	2	catananche caerulea	20250715131546	7.113201	46.03279	73254	dbgi_007172	Émilie Lab	2025-08-12T11:52:27.019Z	2025-08-29T12:05:03.690Z
208	2	catananche caerulea	20250715131546	7.113201	46.03279	73379	dbgi_463	Émilie Lab	2025-08-12T11:52:31.053Z	2025-08-14T14:03:26.583Z
209	2	helictotrichon sempervirens	20250715131802	7.113181	46.032787	73255	dbgi_006840	Émilie Lab	2025-08-12T11:52:27.049Z	2025-08-29T12:05:03.714Z
209	2	helictotrichon sempervirens	20250715131802	7.113181	46.032787	73380	dbgi_464	Émilie Lab	2025-08-12T11:52:31.085Z	2025-08-14T14:03:26.615Z
210	2	viola suavis	20250715131959	7.113175	46.032795	73256	dbgi_006824	Émilie Lab	2025-08-12T11:52:27.081Z	2025-08-29T12:05:03.740Z
210	2	viola suavis	20250715131959	7.113175	46.032795	73381	dbgi_465	Émilie Lab	2025-08-12T11:52:31.115Z	2025-08-14T14:03:26.648Z
211	2	iris lutescens	20250715132321	7.113179	46.032803	73257	dbgi_006850	Émilie Lab	2025-08-12T11:52:27.111Z	2025-08-29T12:05:03.764Z
211	2	iris lutescens	20250715132321	7.113179	46.032803	73382	dbgi_466	Émilie Lab	2025-08-12T11:52:31.149Z	2025-08-14T14:03:26.680Z
212	2	potentilla neumanniana	20250715132837	7.113146	46.03278	73259	dbgi_006921	Émilie Lab	2025-08-12T11:52:27.174Z	2025-08-29T12:05:03.813Z
212	2	potentilla neumanniana	20250715132837	7.113146	46.03278	73384	dbgi_468	Émilie Lab	2025-08-12T11:52:31.213Z	2025-08-14T14:03:26.746Z
213	2	crepis albida	20250715133038	7.113175	46.032818	73260	dbgi_006839	Émilie Lab	2025-08-12T11:52:27.209Z	2025-08-29T12:05:03.839Z
213	2	crepis albida	20250715133038	7.113175	46.032818	73385	dbgi_469	Émilie Lab	2025-08-12T11:52:31.242Z	2025-08-14T14:03:26.777Z
214	2	sedum aizoon	20250715133449	7.113126	46.03284	73261	dbgi_006847	Émilie Lab	2025-08-12T11:52:27.241Z	2025-08-29T12:05:03.864Z
214	2	sedum aizoon	20250715133449	7.113126	46.03284	73386	dbgi_470	Émilie Lab	2025-08-12T11:52:31.270Z	2025-08-14T14:03:26.803Z
215	2	galium verum	20250715133628	7.113133	46.032856	73262	dbgi_006849	Émilie Lab	2025-08-12T11:52:27.273Z	2025-08-29T12:05:03.899Z
215	2	galium verum	20250715133628	7.113133	46.032856	73387	dbgi_471	Émilie Lab	2025-08-12T11:52:31.305Z	2025-08-14T14:03:26.832Z
216	2	genista sylvestris	20250715133918	7.113096	46.032845	73263	dbgi_006816	Émilie Lab	2025-08-12T11:52:27.312Z	2025-08-29T12:05:03.923Z
216	2	genista sylvestris	20250715133918	7.113096	46.032845	73388	dbgi_472	Émilie Lab	2025-08-12T11:52:31.337Z	2025-08-14T14:03:26.859Z
217	2	iris pseudacorus	20250715135057	7.113086	46.03287	73266	dbgi_006853	Émilie Lab	2025-08-12T11:52:27.412Z	2025-08-29T12:05:03.992Z
217	2	iris pseudacorus	20250715135057	7.113086	46.03287	73391	dbgi_475	Émilie Lab	2025-08-12T11:52:31.445Z	2025-08-14T14:03:26.943Z
218	2	cirsium eriophorum	20250715135521	7.11306	46.032898	73268	dbgi_006825	Émilie Lab	2025-08-12T11:52:27.478Z	2025-08-29T12:05:04.042Z
218	2	cirsium eriophorum	20250715135521	7.11306	46.032898	73393	dbgi_477	Émilie Lab	2025-08-12T11:52:31.510Z	2025-08-14T14:03:27.007Z
219	2	symphoricarpos albus	20250715140019	7.113022	46.032936	73269	dbgi_006717	Émilie Lab	2025-08-12T11:52:27.512Z	2025-08-29T12:05:04.064Z
219	2	symphoricarpos albus	20250715140019	7.113022	46.032936	73394	dbgi_478	Émilie Lab	2025-08-12T11:52:31.546Z	2025-08-14T14:03:27.034Z
