status	nonstandard_field_data_id	nonstandard_sample_id	taxon_name	date	latitude_rounded	longitude_rounded	canonical_match_count	canonical_field_data_ids	canonical_sample_ids	nonstandard_collector	nonstandard_date_created
matched	72573	dbgi_7	rhododendron violaceum	20250625090000	7.113113	46.03264	1	72532	dbgi_007037	Émilie Lab	2025-08-12T11:52:04.836Z
matched	72574	dbgi_8	oxalis valdiviensis	20250625090203	7.113112	46.032654	1	72533	dbgi_008683	Émilie Lab	2025-08-12T11:52:04.874Z
matched	72575	dbgi_9	olearia haastii	20250625090629	7.113133	46.032642	1	72534	dbgi_008450	Émilie Lab	2025-08-12T11:52:04.903Z
matched	72576	dbgi_10	rhododendron lepidotum	20250625091237	7.113162	46.032646	1	72535	dbgi_008460	Émilie Lab	2025-08-12T11:52:04.935Z
matched	72577	dbgi_11	rhododendron insigne	20250625093120	7.11316	46.032627	1	72536	dbgi_008560	Émilie Lab	2025-08-12T11:52:04.964Z
matched	72578	dbgi_12	rhododendron hyppophaeoides	20250625093355	7.113205	46.03265	1	72537	dbgi_008398	Émilie Lab	2025-08-12T11:52:04.992Z
matched	72579	dbgi_13	chamaecytisus aggregatus	20250625093702	7.11319	46.032642	1	72538	dbgi_008474	Émilie Lab	2025-08-12T11:52:05.030Z
matched	72580	dbgi_14	rhododendron keleticum	20250625094138	7.113055	46.032673	1	72539	dbgi_008512	Émilie Lab	2025-08-12T11:52:05.057Z
matched	72581	dbgi_15	salix rotundifolia	20250625094313	7.113077	46.032677	1	72540	dbgi_008433	Émilie Lab	2025-08-12T11:52:05.090Z
matched	72582	dbgi_16	wulfenia carinthiaca	20250625094543	7.113052	46.032684	1	72541	dbgi_008476	Émilie Lab	2025-08-12T11:52:05.121Z
matched	72583	dbgi_17	asarum europaeum	20250625094708	7.113073	46.032673	1	72542	dbgi_008415	Émilie Lab	2025-08-12T11:52:05.154Z
matched	72584	dbgi_18	rhodothamnus chamaecistus	20250625094830	7.113061	46.03266	1	72543	dbgi_008517	Émilie Lab	2025-08-12T11:52:05.187Z
matched	72585	dbgi_19	campanula rhomboidalis	20250625095047	7.113035	46.032677	1	72544	dbgi_008465	Émilie Lab	2025-08-12T11:52:05.214Z
matched	72586	dbgi_20	sedum lydium	20250625095313	7.113059	46.03267	1	72545	dbgi_008399	Émilie Lab	2025-08-12T11:52:05.246Z
matched	72587	dbgi_21	arum maculatum	20250625095625	7.11304	46.03267	1	72546	dbgi_008448	Émilie Lab	2025-08-12T11:52:05.281Z
matched	72588	dbgi_22	bulbinella hookeri	20250625095923	7.113079	46.03268	1	72547	dbgi_008587	Émilie Lab	2025-08-12T11:52:05.314Z
matched	72590	dbgi_24	cypripedium reginae	20250625100431	7.113039	46.032684	1	72549	dbgi_008401	Émilie Lab	2025-08-12T11:52:05.371Z
matched	72591	dbgi_25	rhododendron carolinianum	20250625100636	7.113057	46.032677	1	72550	dbgi_008414	Émilie Lab	2025-08-12T11:52:05.402Z
matched	72592	dbgi_26	blechnum spicant	20250625100907	7.113082	46.03267	1	72551	dbgi_008436	Émilie Lab	2025-08-12T11:52:05.432Z
matched	72593	dbgi_27	ribes spicatum	20250625103340	7.113192	46.032578	1	72552	dbgi_008430	Émilie Lab	2025-08-12T11:52:05.463Z
matched	72594	dbgi_28	penstemon ovatus	20250625103604	7.113191	46.03257	1	72553	dbgi_008378	Émilie Lab	2025-08-12T11:52:05.490Z
matched	72595	dbgi_29	tsuga canadensis	20250625103817	7.113307	46.032593	1	72554	dbgi_008489	Émilie Lab	2025-08-12T11:52:05.519Z
matched	72596	dbgi_30	anthennaria canadensis	20250625104139	7.11333	46.032585	1	72555	dbgi_008408	Émilie Lab	2025-08-12T11:52:05.553Z
matched	72597	dbgi_31	taxus baccata	20250625104344	7.11334	46.032578	1	72556	dbgi_008442	Émilie Lab	2025-08-12T11:52:05.587Z
matched	72598	dbgi_32	genista radiata	20250625104603	7.113218	46.032543	1	72557	dbgi_008650	Émilie Lab	2025-08-12T11:52:05.617Z
matched	72599	dbgi_33	asphodelus albus	20250625104735	7.113292	46.03255	1	72558	dbgi_008464	Émilie Lab	2025-08-12T11:52:05.644Z
matched	72600	dbgi_34	colutea arborescens	20250625105340	7.113236	46.032578	1	72559	dbgi_008423	Émilie Lab	2025-08-12T11:52:05.680Z
matched	72601	dbgi_35	dianthus subacaulis	20250625110513	7.113278	46.032574	1	72560	dbgi_008640	Émilie Lab	2025-08-12T11:52:05.709Z
matched	72602	dbgi_36	lithospermum intermedium	20250625110811	7.11329	46.032623	1	72561	dbgi_008754	Émilie Lab	2025-08-12T11:52:05.735Z
matched	72603	dbgi_37	dianthus plumarius	20250625111046	7.113257	46.032593	1	72562	dbgi_008647	Émilie Lab	2025-08-12T11:52:05.764Z
matched	72604	dbgi_38	helichrysum graveolens	20250625111454	7.113254	46.032593	1	72563	dbgi_008637	Émilie Lab	2025-08-12T11:52:05.794Z
matched	72605	dbgi_39	eriogonum umbellatum	20250625111723	7.113238	46.032597	1	72564	dbgi_008527	Émilie Lab	2025-08-12T11:52:05.830Z
matched	72606	dbgi_40	micromeria dalmatica	20250625111909	7.113258	46.0326	1	72565	dbgi_008646	Émilie Lab	2025-08-12T11:52:05.858Z
matched	72607	dbgi_41	globularia bisnagarica	20250625112113	7.113287	46.032608	1	72566	dbgi_008645	Émilie Lab	2025-08-12T11:52:05.889Z
matched	72608	dbgi_42	dryas octopetala	20250625112303	7.113337	46.03261	1	72567	dbgi_008486	Émilie Lab	2025-08-12T11:52:05.919Z
matched	72609	dbgi_43	convallaria majalis	20250625112837	7.113485	46.032635	1	72568	dbgi_008763	Émilie Lab	2025-08-12T11:52:05.952Z
matched	72610	dbgi_44	colchicum autumnale	20250625113005	7.113473	46.03267	1	72569	dbgi_008395	Émilie Lab	2025-08-12T11:52:05.985Z
matched	72612	dbgi_46	aegopodium podagraria	20250625113405	7.113481	46.032627	1	72571	dbgi_008419	Émilie Lab	2025-08-12T11:52:06.045Z
matched	72613	dbgi_47	gentiana lutea	20250625113741	7.113484	46.032665	1	72572	dbgi_008602	Émilie Lab	2025-08-12T11:52:06.074Z
matched	72664	dbgi_49	paeonia mascula	20250625084138	7.11309	46.032585	1	72525	dbgi_006886	Émilie Lab	2025-08-12T11:52:07.778Z
matched	72665	dbgi_50	juniperus chinensis	20250625084401	7.113108	46.03258	1	72526	dbgi_006789	Émilie Lab	2025-08-12T11:52:07.805Z
matched	72666	dbgi_51	centaurea montana	20250625084553	7.113162	46.03259	1	72527	dbgi_006806	Émilie Lab	2025-08-12T11:52:07.842Z
matched	72667	dbgi_52	gymnocarpium dryopteris	20250625084828	7.113147	46.032635	1	72528	dbgi_008679	Émilie Lab	2025-08-12T11:52:07.870Z
matched	72668	dbgi_53	linum flavum	20250625085005	7.113162	46.03265	1	72529	dbgi_006792	Émilie Lab	2025-08-12T11:52:07.899Z
matched	72669	dbgi_54	anthyllis montana	20250625085229	7.113125	46.032654	1	72530	dbgi_006877	Émilie Lab	2025-08-12T11:52:07.931Z
matched	72670	dbgi_55	dianthus subacaulis	20250625085752	7.113112	46.03263	1	72531	dbgi_006980	Émilie Lab	2025-08-12T11:52:07.962Z
matched	72671	dbgi_56	rhododendron violaceum	20250625090000	7.113113	46.03264	1	72532	dbgi_007037	Émilie Lab	2025-08-12T11:52:07.993Z
matched	72672	dbgi_57	oxalis valdiviensis	20250625090203	7.113112	46.032654	1	72533	dbgi_008683	Émilie Lab	2025-08-12T11:52:08.022Z
matched	72673	dbgi_58	olearia haastii	20250625090629	7.113133	46.032642	1	72534	dbgi_008450	Émilie Lab	2025-08-12T11:52:08.061Z
matched	72674	dbgi_59	rhododendron lepidotum	20250625091237	7.113162	46.032646	1	72535	dbgi_008460	Émilie Lab	2025-08-12T11:52:08.092Z
matched	72675	dbgi_60	rhododendron insigne	20250625093120	7.11316	46.032627	1	72536	dbgi_008560	Émilie Lab	2025-08-12T11:52:08.128Z
matched	72676	dbgi_61	rhododendron hyppophaeoides	20250625093355	7.113205	46.03265	1	72537	dbgi_008398	Émilie Lab	2025-08-12T11:52:08.157Z
matched	72677	dbgi_62	chamaecytisus aggregatus	20250625093702	7.11319	46.032642	1	72538	dbgi_008474	Émilie Lab	2025-08-12T11:52:08.189Z
matched	72678	dbgi_63	rhododendron keleticum	20250625094138	7.113055	46.032673	1	72539	dbgi_008512	Émilie Lab	2025-08-12T11:52:08.220Z
matched	72679	dbgi_64	salix rotundifolia	20250625094313	7.113077	46.032677	1	72540	dbgi_008433	Émilie Lab	2025-08-12T11:52:08.252Z
matched	72680	dbgi_65	wulfenia carinthiaca	20250625094543	7.113052	46.032684	1	72541	dbgi_008476	Émilie Lab	2025-08-12T11:52:08.282Z
matched	72681	dbgi_66	asarum europaeum	20250625094708	7.113073	46.032673	1	72542	dbgi_008415	Émilie Lab	2025-08-12T11:52:08.310Z
matched	72682	dbgi_67	rhodothamnus chamaecistus	20250625094830	7.113061	46.03266	1	72543	dbgi_008517	Émilie Lab	2025-08-12T11:52:08.346Z
matched	72683	dbgi_68	campanula rhomboidalis	20250625095047	7.113035	46.032677	1	72544	dbgi_008465	Émilie Lab	2025-08-12T11:52:08.374Z
matched	72684	dbgi_69	sedum lydium	20250625095313	7.113059	46.03267	1	72545	dbgi_008399	Émilie Lab	2025-08-12T11:52:08.405Z
matched	72685	dbgi_70	arum maculatum	20250625095625	7.11304	46.03267	1	72546	dbgi_008448	Émilie Lab	2025-08-12T11:52:08.436Z
matched	72686	dbgi_71	bulbinella hookeri	20250625095923	7.113079	46.03268	1	72547	dbgi_008587	Émilie Lab	2025-08-12T11:52:08.469Z
matched	72688	dbgi_73	cypripedium reginae	20250625100431	7.113039	46.032684	1	72549	dbgi_008401	Émilie Lab	2025-08-12T11:52:08.533Z
matched	72689	dbgi_74	rhododendron carolinianum	20250625100636	7.113057	46.032677	1	72550	dbgi_008414	Émilie Lab	2025-08-12T11:52:08.564Z
matched	72690	dbgi_75	blechnum spicant	20250625100907	7.113082	46.03267	1	72551	dbgi_008436	Émilie Lab	2025-08-12T11:52:08.593Z
matched	72691	dbgi_76	ribes spicatum	20250625103340	7.113192	46.032578	1	72552	dbgi_008430	Émilie Lab	2025-08-12T11:52:08.630Z
matched	72692	dbgi_77	penstemon ovatus	20250625103604	7.113191	46.03257	1	72553	dbgi_008378	Émilie Lab	2025-08-12T11:52:08.660Z
matched	72693	dbgi_78	tsuga canadensis	20250625103817	7.113307	46.032593	1	72554	dbgi_008489	Émilie Lab	2025-08-12T11:52:08.695Z
matched	72694	dbgi_79	anthennaria canadensis	20250625104139	7.11333	46.032585	1	72555	dbgi_008408	Émilie Lab	2025-08-12T11:52:08.727Z
matched	72695	dbgi_80	taxus baccata	20250625104344	7.11334	46.032578	1	72556	dbgi_008442	Émilie Lab	2025-08-12T11:52:08.763Z
matched	72696	dbgi_81	genista radiata	20250625104603	7.113218	46.032543	1	72557	dbgi_008650	Émilie Lab	2025-08-12T11:52:08.797Z
matched	72697	dbgi_82	asphodelus albus	20250625104735	7.113292	46.03255	1	72558	dbgi_008464	Émilie Lab	2025-08-12T11:52:08.831Z
matched	72698	dbgi_83	colutea arborescens	20250625105340	7.113236	46.032578	1	72559	dbgi_008423	Émilie Lab	2025-08-12T11:52:08.866Z
matched	72699	dbgi_84	dianthus subacaulis	20250625110513	7.113278	46.032574	1	72560	dbgi_008640	Émilie Lab	2025-08-12T11:52:08.904Z
matched	72700	dbgi_85	lithospermum intermedium	20250625110811	7.11329	46.032623	1	72561	dbgi_008754	Émilie Lab	2025-08-12T11:52:08.936Z
matched	72701	dbgi_86	dianthus plumarius	20250625111046	7.113257	46.032593	1	72562	dbgi_008647	Émilie Lab	2025-08-12T11:52:08.973Z
matched	72702	dbgi_87	helichrysum graveolens	20250625111454	7.113254	46.032593	1	72563	dbgi_008637	Émilie Lab	2025-08-12T11:52:09.004Z
matched	72703	dbgi_88	eriogonum umbellatum	20250625111723	7.113238	46.032597	1	72564	dbgi_008527	Émilie Lab	2025-08-12T11:52:09.038Z
matched	72704	dbgi_89	micromeria dalmatica	20250625111909	7.113258	46.0326	1	72565	dbgi_008646	Émilie Lab	2025-08-12T11:52:09.073Z
matched	72705	dbgi_90	globularia bisnagarica	20250625112113	7.113287	46.032608	1	72566	dbgi_008645	Émilie Lab	2025-08-12T11:52:09.111Z
matched	72706	dbgi_91	dryas octopetala	20250625112303	7.113337	46.03261	1	72567	dbgi_008486	Émilie Lab	2025-08-12T11:52:09.142Z
matched	72707	dbgi_92	convallaria majalis	20250625112837	7.113485	46.032635	1	72568	dbgi_008763	Émilie Lab	2025-08-12T11:52:09.175Z
matched	72708	dbgi_93	colchicum autumnale	20250625113005	7.113473	46.03267	1	72569	dbgi_008395	Émilie Lab	2025-08-12T11:52:09.208Z
matched	72710	dbgi_95	aegopodium podagraria	20250625113405	7.113481	46.032627	1	72571	dbgi_008419	Émilie Lab	2025-08-12T11:52:09.276Z
matched	72711	dbgi_96	gentiana lutea	20250625113741	7.113484	46.032665	1	72572	dbgi_008602	Émilie Lab	2025-08-12T11:52:09.306Z
matched	72712	dbgi_97	rhododendron brachyanthum	20250625084052	7.113073	46.032623	1	72614	dbgi_008728	Mazzarine Laboureau	2025-08-12T11:52:09.338Z
matched	72713	dbgi_98	omphalodes verna	20250625084410	7.113065	46.032623	1	72615	dbgi_008748	Mazzarine Laboureau	2025-08-12T11:52:09.370Z
matched	72714	dbgi_99	androsaceae sarmentosa	20250625084610	7.11307	46.032616	1	72616	dbgi_008642	Mazzarine Laboureau	2025-08-12T11:52:09.404Z
matched	72715	dbgi_100	anemone sylvestris	20250625084943	7.113078	46.032627	1	72617	dbgi_008753	Mazzarine Laboureau	2025-08-12T11:52:09.438Z
matched	72716	dbgi_101	euphorbia chamecyparissia	20250625085140	7.11308	46.03263	1	72618	dbgi_008738	Mazzarine Laboureau	2025-08-12T11:52:09.474Z
matched	72717	dbgi_102	euphorbia dulcis	20250625090337	7.113082	46.032623	1	72619	dbgi_008736	Mazzarine Laboureau	2025-08-12T11:52:09.511Z
matched	72718	dbgi_103	anemone nemorosa	20250625092736	7.113088	46.03263	1	72620	dbgi_008516	Mazzarine Laboureau	2025-08-12T11:52:09.546Z
matched	72720	dbgi_105	arenaria montana	20250625093307	7.113089	46.032623	1	72622	dbgi_008499	Mazzarine Laboureau	2025-08-12T11:52:09.615Z
matched	72723	dbgi_108	picea abies	20250625094008	7.11306	46.03262	1	72625	dbgi_008466	Mazzarine Laboureau	2025-08-12T11:52:09.712Z
matched	72724	dbgi_109	saxifraga paniculata	20250625094318	7.11305	46.03262	1	72626	dbgi_008424	Mazzarine Laboureau	2025-08-12T11:52:09.741Z
matched	72725	dbgi_110	rhododendron ferrugineum	20250625094551	7.113059	46.032627	1	72627	dbgi_008573	Mazzarine Laboureau	2025-08-12T11:52:09.775Z
matched	72726	dbgi_111	camassia leichtlinii	20250625094719	7.11305	46.032627	1	72628	dbgi_008551	Mazzarine Laboureau	2025-08-12T11:52:09.807Z
matched	72727	dbgi_112	saxifraga lingulata	20250625094953	7.113043	46.032627	1	72629	dbgi_008379	Mazzarine Laboureau	2025-08-12T11:52:09.842Z
matched	72728	dbgi_113	saxifraga franzii	20250625095116	7.113039	46.032627	1	72630	dbgi_008396	Mazzarine Laboureau	2025-08-12T11:52:09.877Z
matched	72729	dbgi_114	rhodothamnus chamaecistus	20250625095457	7.113063	46.03264	1	72631	dbgi_008435	Mazzarine Laboureau	2025-08-12T11:52:09.911Z
matched	72730	dbgi_115	cassiope mertensiana	20250625095809	7.113053	46.03263	1	72632	dbgi_008406	Mazzarine Laboureau	2025-08-12T11:52:09.941Z
matched	72731	dbgi_116	fritillaria pyrenaica	20250625100205	7.113058	46.032642	1	72633	dbgi_008501	Mazzarine Laboureau	2025-08-12T11:52:09.971Z
matched	72732	dbgi_117	cypripedium calceolus	20250625100533	7.113048	46.032646	1	72634	dbgi_008612	Mazzarine Laboureau	2025-08-12T11:52:10.008Z
matched	72733	dbgi_118	saxifraga pseudo-kotschyl,	20250625100717	7.11304	46.032646	1	72635	dbgi_008504	Mazzarine Laboureau	2025-08-12T11:52:10.037Z
matched	72734	dbgi_119	rhododendron radicans	20250625100949	7.113038	46.03265	1	72636	dbgi_008514	Mazzarine Laboureau	2025-08-12T11:52:10.068Z
matched	72735	dbgi_120	juniperus chinensis	20250625102644	7.113101	46.032578	1	72637	dbgi_008493	Mazzarine Laboureau	2025-08-12T11:52:10.098Z
matched	72736	dbgi_121	centaurea montana	20250625102812	7.113166	46.03258	1	72638	dbgi_008758	Mazzarine Laboureau	2025-08-12T11:52:10.134Z
matched	72737	dbgi_122	berberis canadensis	20250625103130	7.113178	46.03258	1	72639	dbgi_008511	Mazzarine Laboureau	2025-08-12T11:52:10.168Z
matched	72738	dbgi_123	vaccinium vitis-idaea	20250625103325	7.113173	46.03259	1	72640	dbgi_008458	Mazzarine Laboureau	2025-08-12T11:52:10.202Z
matched	72739	dbgi_124	sedum ellecombienum	20250625103617	7.113174	46.03257	1	72641	dbgi_008431	Mazzarine Laboureau	2025-08-12T11:52:10.238Z
matched	72740	dbgi_125	cytisus decumbens	20250625103820	7.113209	46.032574	1	72642	dbgi_008478	Mazzarine Laboureau	2025-08-12T11:52:10.269Z
matched	72741	dbgi_126	gentiana marcailhuana	20250625104043	7.113217	46.03257	1	72643	dbgi_008413	Mazzarine Laboureau	2025-08-12T11:52:10.303Z
matched	72743	dbgi_128	carlina acanthifolia	20250625105142	7.113238	46.032566	1	72645	dbgi_008393	Mazzarine Laboureau	2025-08-12T11:52:10.366Z
matched	72744	dbgi_129	scabiosa columbaria	20250625105253	7.113238	46.032566	1	72646	dbgi_008468	Mazzarine Laboureau	2025-08-12T11:52:10.393Z
matched	72745	dbgi_130	astragalus monspessulanus	20250625105709	7.113245	46.032566	1	72647	dbgi_008490	Mazzarine Laboureau	2025-08-12T11:52:10.424Z
matched	72746	dbgi_131	sedum ochroleucum	20250625105915	7.113248	46.03257	1	72648	dbgi_008462	Mazzarine Laboureau	2025-08-12T11:52:10.458Z
matched	72748	dbgi_133	geranium nodosum	20250625110706	7.113341	46.032574	1	72650	dbgi_008385	Mazzarine Laboureau	2025-08-12T11:52:10.521Z
matched	72750	dbgi_135	cytisus nigricans	20250625111342	7.113455	46.03256	1	72652	dbgi_008402	Mazzarine Laboureau	2025-08-12T11:52:10.582Z
matched	72751	dbgi_136	abies cephalonica	20250625111715	7.113396	46.032597	1	72653	dbgi_008382	Mazzarine Laboureau	2025-08-12T11:52:10.610Z
matched	72752	dbgi_137	gentiana angustifolia	20250625112329	7.11331	46.032593	1	72654	dbgi_008513	Mazzarine Laboureau	2025-08-12T11:52:10.650Z
matched	72754	dbgi_139	erinus alpinus	20250625112959	7.113341	46.032604	1	72656	dbgi_008743	Mazzarine Laboureau	2025-08-12T11:52:10.710Z
matched	72755	dbgi_140	potentilla peduncularis	20250625113145	7.113354	46.0326	1	72657	dbgi_008502	Mazzarine Laboureau	2025-08-12T11:52:10.744Z
matched	72756	dbgi_141	jovibarba hirta	20250625113449	7.113376	46.032593	1	72658	dbgi_008459	Mazzarine Laboureau	2025-08-12T11:52:10.777Z
matched	72757	dbgi_142	polygala vayredae	20250625113742	7.113381	46.032604	1	72659	dbgi_008483	Mazzarine Laboureau	2025-08-12T11:52:10.807Z
matched	72758	dbgi_143	paeonia officinalis	20250625114111	7.113385	46.032616	1	72660	dbgi_008532	Mazzarine Laboureau	2025-08-12T11:52:10.836Z
matched	72759	dbgi_144	primula denticulata	20250625114356	7.113413	46.032604	1	72661	dbgi_008394	Mazzarine Laboureau	2025-08-12T11:52:10.865Z
matched	72760	dbgi_145	potentilla ambigua	20250625114522	7.113443	46.0326	1	72662	dbgi_008500	Mazzarine Laboureau	2025-08-12T11:52:10.897Z
matched	72761	dbgi_146	arctostaphylus uva-ursi	20250625114650	7.113457	46.03257	1	72663	dbgi_008461	Mazzarine Laboureau	2025-08-12T11:52:10.924Z
matched	72797	dbgi_147	androsace sarmentosa	20250707140145	7.113414	46.03267	1	72764	dbgi_008389	Émilie Lab	2025-08-12T11:52:12.050Z
matched	72798	dbgi_148	festuca tatrae	20250707140415	7.113411	46.03266	1	72765	dbgi_008473	Émilie Lab	2025-08-12T11:52:12.085Z
matched	72799	dbgi_149	heuchera americana	20250707140812	7.113392	46.032646	1	72766	dbgi_008404	Émilie Lab	2025-08-12T11:52:12.118Z
matched	72800	dbgi_150	thymus nitens	20250707140953	7.113376	46.032646	1	72767	dbgi_008505	Émilie Lab	2025-08-12T11:52:12.152Z
matched	72801	dbgi_151	paeonia lutea	20250707141300	7.113393	46.03264	1	72768	dbgi_008510	Émilie Lab	2025-08-12T11:52:12.184Z
matched	72802	dbgi_152	linum flavum	20250707141453	7.113377	46.03264	1	72769	dbgi_008381	Émilie Lab	2025-08-12T11:52:12.215Z
matched	72803	dbgi_153	aillium hymenorrhizum,	20250707141836	7.113354	46.03264	1	72770	dbgi_008497	Émilie Lab	2025-08-12T11:52:12.248Z
matched	72804	dbgi_154	astrantia major	20250707142119	7.113342	46.03264	1	72771	dbgi_008384	Émilie Lab	2025-08-12T11:52:12.279Z
matched	72805	dbgi_155	erodium manescavi	20250707142256	7.113344	46.032635	1	72772	dbgi_008494	Émilie Lab	2025-08-12T11:52:12.306Z
matched	72806	dbgi_156	centaurea haynaldii	20250707142439	7.113325	46.03264	1	72773	dbgi_008403	Émilie Lab	2025-08-12T11:52:12.342Z
matched	72807	dbgi_157	hemerocellis lilioasphodolus	20250707142716	7.113335	46.032642	1	72774	dbgi_008387	Émilie Lab	2025-08-12T11:52:12.379Z
matched	72809	dbgi_159	bergenia crassifolia	20250707143443	7.113338	46.032635	1	72776	dbgi_008428	Émilie Lab	2025-08-12T11:52:12.452Z
matched	72810	dbgi_160	hieracium bombycinum	20250707143624	7.113324	46.032635	1	72777	dbgi_008603	Émilie Lab	2025-08-12T11:52:12.487Z
matched	72811	dbgi_161	paeonia daurica	20250707143754	7.11332	46.03263	1	72778	dbgi_008547	Émilie Lab	2025-08-12T11:52:12.523Z
matched	72812	dbgi_162	alyssum alpestre	20250707143955	7.113279	46.032616	1	72779	dbgi_008508	Émilie Lab	2025-08-12T11:52:12.560Z
matched	72814	dbgi_164	potentilla rupestris	20250707144653	7.113222	46.032623	1	72781	dbgi_008463	Émilie Lab	2025-08-12T11:52:12.629Z
matched	72815	dbgi_165	allium nutans	20250707144845	7.113247	46.03263	1	72782	dbgi_008420	Émilie Lab	2025-08-12T11:52:12.661Z
matched	72816	dbgi_166	vaccinium vitis-idaea	20250707150007	7.11349	46.032677	1	72783	dbgi_008432	Émilie Lab	2025-08-12T11:52:12.696Z
matched	72817	dbgi_167	rhodiola rosea	20250707150204	7.113506	46.032677	1	72784	dbgi_008383	Émilie Lab	2025-08-12T11:52:12.724Z
matched	72818	dbgi_168	vaccinium myrtillus	20250707150435	7.113491	46.03267	1	72785	dbgi_008485	Émilie Lab	2025-08-12T11:52:12.759Z
matched	72819	dbgi_169	lonicera caerulea	20250707150811	7.113495	46.03268	1	72786	dbgi_008427	Émilie Lab	2025-08-12T11:52:12.787Z
matched	72820	dbgi_170	digitalis grandiflora	20250707151019	7.113477	46.03268	1	72787	dbgi_008496	Émilie Lab	2025-08-12T11:52:12.817Z
matched	72821	dbgi_171	digitalis purpurea	20250707151257	7.11351	46.032696	1	72788	dbgi_008471	Émilie Lab	2025-08-12T11:52:12.851Z
matched	72822	dbgi_172	arctostaphylos uva-ursi	20250707151504	7.11349	46.032703	1	72789	dbgi_008409	Émilie Lab	2025-08-12T11:52:12.885Z
matched	72823	dbgi_173	achillea millefolium	20250707151758	7.113492	46.03268	1	72790	dbgi_008391	Émilie Lab	2025-08-12T11:52:12.921Z
matched	72824	dbgi_174	pulsatilla vulgaris	20250707151947	7.113523	46.032707	1	72791	dbgi_008477	Émilie Lab	2025-08-12T11:52:12.955Z
matched	72825	dbgi_175	artemisia vulgaris	20250707152216	7.11351	46.032703	1	72792	dbgi_008418	Émilie Lab	2025-08-12T11:52:12.988Z
matched	72826	dbgi_176	hypericum perforatum	20250707152359	7.113516	46.03273	1	72793	dbgi_008429	Émilie Lab	2025-08-12T11:52:13.020Z
matched	72827	dbgi_177	hyssopus officinalis	20250707152725	7.113504	46.032703	1	72794	dbgi_008498	Émilie Lab	2025-08-12T11:52:13.053Z
matched	72828	dbgi_178	thymus pulegioides	20250707153002	7.113477	46.032696	1	72795	dbgi_008411	Émilie Lab	2025-08-12T11:52:13.092Z
matched	72829	dbgi_179	viola riviniana	20250707153248	7.113453	46.032703	1	72796	dbgi_008417	Émilie Lab	2025-08-12T11:52:13.122Z
matched	73041	dbgi_195	hippophae rhamnoides	20250715083825	7.113455	46.032642	1	72986	dbgi_006943	Émilie Lab	2025-08-12T11:52:20.094Z
matched	73042	dbgi_196	centaurea nigra	20250715084018	7.113466	46.03265	1	72987	dbgi_006729	Émilie Lab	2025-08-12T11:52:20.127Z
matched	73044	dbgi_198	hemerocallis multiflora	20250715090513	7.113399	46.032627	1	72989	dbgi_006600	Émilie Lab	2025-08-12T11:52:20.191Z
matched	73045	dbgi_199	centaurea nigrescens	20250715090643	7.113388	46.032623	1	72990	dbgi_006679	Émilie Lab	2025-08-12T11:52:20.226Z
matched	73046	dbgi_200	dianthus seguieri	20250715090830	7.113366	46.03262	1	72991	dbgi_006687	Émilie Lab	2025-08-12T11:52:20.259Z
matched	73047	dbgi_201	penstemon cobaea	20250715091435	7.113386	46.03275	1	72992	dbgi_006668	Émilie Lab	2025-08-12T11:52:20.293Z
matched	73050	dbgi_204	hieracium bornmuelleri	20250715092138	7.113387	46.032764	1	72995	dbgi_006688	Émilie Lab	2025-08-12T11:52:20.398Z
matched	73053	dbgi_207	calamintha menthifolia	20250715093106	7.113357	46.032753	1	72998	dbgi_006657	Émilie Lab	2025-08-12T11:52:20.504Z
matched	73054	dbgi_208	genista germanica	20250715093444	7.113338	46.032738	1	72999	dbgi_006674	Émilie Lab	2025-08-12T11:52:20.539Z
matched	73057	dbgi_211	morina longifolia	20250715094212	7.113324	46.032722	1	73002	dbgi_006680	Émilie Lab	2025-08-12T11:52:20.642Z
matched	73059	dbgi_213	zizia aptera	20250715094754	7.113337	46.032738	1	73004	dbgi_006664	Émilie Lab	2025-08-12T11:52:20.708Z
matched	73060	dbgi_214	paeonia daurica	20250715095004	7.11335	46.03276	1	73005	dbgi_006676	Émilie Lab	2025-08-12T11:52:20.741Z
matched	73061	dbgi_215	erigeron belligifolius	20250715095224	7.11332	46.03274	1	73006	dbgi_006666	Émilie Lab	2025-08-12T11:52:20.780Z
matched	73062	dbgi_216	knautia purpurea	20250715095415	7.113327	46.032734	1	73007	dbgi_006631	Émilie Lab	2025-08-12T11:52:20.812Z
matched	73063	dbgi_217	potentilla repens	20250715095604	7.113323	46.03274	1	73008	dbgi_006673	Émilie Lab	2025-08-12T11:52:20.843Z
matched	73065	dbgi_219	polygomum amplexicaule	20250715101006	7.113291	46.032757	1	73010	dbgi_006672	Émilie Lab	2025-08-12T11:52:20.903Z
matched	73066	dbgi_220	centaurea simplicicaulis	20250715101234	7.113313	46.03273	1	73011	dbgi_006677	Émilie Lab	2025-08-12T11:52:20.940Z
matched	73069	dbgi_223	potentilla alba	20250715102151	7.113284	46.032753	1	73014	dbgi_006738	Émilie Lab	2025-08-12T11:52:21.031Z
matched	73072	dbgi_226	daphne pontica	20250715102811	7.113298	46.032764	1	73017	dbgi_006768	Émilie Lab	2025-08-12T11:52:21.131Z
matched	73073	dbgi_227	phleum phleoides	20250715103020	7.113342	46.032772	1	73018	dbgi_006763	Émilie Lab	2025-08-12T11:52:21.162Z
matched	73074	dbgi_228	festuca valesiaca	20250715103211	7.113316	46.032753	1	73019	dbgi_006747	Émilie Lab	2025-08-12T11:52:21.192Z
matched	73075	dbgi_229	koeleria vallesiana	20250715103401	7.113348	46.032753	1	73020	dbgi_006739	Émilie Lab	2025-08-12T11:52:21.230Z
matched	73076	dbgi_230	koeleria macrantha	20250715104019	7.113301	46.03278	1	73021	dbgi_006711	Émilie Lab	2025-08-12T11:52:21.261Z
matched	73077	dbgi_231	festuca curvula	20250715104204	7.113296	46.03278	1	73022	dbgi_006634	Émilie Lab	2025-08-12T11:52:21.296Z
matched	73078	dbgi_232	euphorbia seguieriana	20250715104341	7.113301	46.03278	1	73023	dbgi_006745	Émilie Lab	2025-08-12T11:52:21.325Z
matched	73079	dbgi_233	potentilla verna	20250715104521	7.113316	46.032784	1	73024	dbgi_006764	Émilie Lab	2025-08-12T11:52:21.354Z
matched	73081	dbgi_235	bothriochloa ischaemum	20250715105332	7.113317	46.03279	1	73026	dbgi_006759	Émilie Lab	2025-08-12T11:52:21.419Z
matched	73082	dbgi_236	thymus praecox	20250715105533	7.113344	46.032784	1	73027	dbgi_006753	Émilie Lab	2025-08-12T11:52:21.449Z
matched	73083	dbgi_237	centaurea scabiosa	20250715105932	7.113295	46.032787	1	73028	dbgi_006706	Émilie Lab	2025-08-12T11:52:21.478Z
matched	73085	dbgi_239	nepeta nuda	20250715110451	7.113305	46.03281	1	73030	dbgi_007155	Émilie Lab	2025-08-12T11:52:21.545Z
matched	73086	dbgi_240	artemisia campestris	20250715110618	7.113328	46.032795	1	73031	dbgi_007130	Émilie Lab	2025-08-12T11:52:21.571Z
matched	73087	dbgi_241	cerastium argenteum	20250715111120	7.113335	46.03281	1	73032	dbgi_006904	Émilie Lab	2025-08-12T11:52:21.603Z
matched	73088	dbgi_242	artemisia vallesiaca	20250715111450	7.113306	46.03276	1	73033	dbgi_006726	Émilie Lab	2025-08-12T11:52:21.630Z
matched	73089	dbgi_243	carex humilis	20250715113125	7.113318	46.03277	1	73034	dbgi_006856	Émilie Lab	2025-08-12T11:52:21.661Z
matched	73090	dbgi_244	onosma pseudoarenaria	20250715113409	7.113277	46.03278	1	73035	dbgi_006743	Émilie Lab	2025-08-12T11:52:21.689Z
matched	73091	dbgi_245	viola rupestris	20250715113614	7.113283	46.03278	1	73036	dbgi_006762	Émilie Lab	2025-08-12T11:52:21.715Z
matched	73092	dbgi_246	molinia arundinacea	20250715113931	7.11322	46.032776	1	73037	dbgi_006707	Émilie Lab	2025-08-12T11:52:21.746Z
matched	73093	dbgi_247	ephedra helvetica	20250715114901	7.11329	46.03277	1	73038	dbgi_006781	Émilie Lab	2025-08-12T11:52:21.779Z
matched	73094	dbgi_248	teucrium montanum	20250715115125	7.113314	46.03277	1	73039	dbgi_006841	Émilie Lab	2025-08-12T11:52:21.809Z
matched	73095	dbgi_249	stipa eriocaulis	20250715115405	7.11329	46.032784	1	73040	dbgi_006842	Émilie Lab	2025-08-12T11:52:21.840Z
matched	73145	dbgi_250	hippophae rhamnoides	20250715083825	7.113455	46.032642	1	72986	dbgi_006943	Émilie Lab	2025-08-12T11:52:23.407Z
matched	73146	dbgi_251	centaurea nigra	20250715084018	7.113466	46.03265	1	72987	dbgi_006729	Émilie Lab	2025-08-12T11:52:23.437Z
matched	73148	dbgi_253	hemerocallis multiflora	20250715090513	7.113399	46.032627	1	72989	dbgi_006600	Émilie Lab	2025-08-12T11:52:23.501Z
matched	73149	dbgi_254	centaurea nigrescens	20250715090643	7.113388	46.032623	1	72990	dbgi_006679	Émilie Lab	2025-08-12T11:52:23.530Z
matched	73150	dbgi_255	dianthus seguieri	20250715090830	7.113366	46.03262	1	72991	dbgi_006687	Émilie Lab	2025-08-12T11:52:23.568Z
matched	73151	dbgi_256	penstemon cobaea	20250715091435	7.113386	46.03275	1	72992	dbgi_006668	Émilie Lab	2025-08-12T11:52:23.597Z
matched	73154	dbgi_259	hieracium bornmuelleri	20250715092138	7.113387	46.032764	1	72995	dbgi_006688	Émilie Lab	2025-08-12T11:52:23.689Z
matched	73157	dbgi_262	calamintha menthifolia	20250715093106	7.113357	46.032753	1	72998	dbgi_006657	Émilie Lab	2025-08-12T11:52:23.796Z
matched	73158	dbgi_263	genista germanica	20250715093444	7.113338	46.032738	1	72999	dbgi_006674	Émilie Lab	2025-08-12T11:52:23.825Z
matched	73161	dbgi_266	morina longifolia	20250715094212	7.113324	46.032722	1	73002	dbgi_006680	Émilie Lab	2025-08-12T11:52:23.929Z
matched	73163	dbgi_268	zizia aptera	20250715094754	7.113337	46.032738	1	73004	dbgi_006664	Émilie Lab	2025-08-12T11:52:23.996Z
matched	73164	dbgi_269	paeonia daurica	20250715095004	7.11335	46.03276	1	73005	dbgi_006676	Émilie Lab	2025-08-12T11:52:24.027Z
matched	73165	dbgi_270	erigeron belligifolius	20250715095224	7.11332	46.03274	1	73006	dbgi_006666	Émilie Lab	2025-08-12T11:52:24.056Z
matched	73166	dbgi_271	knautia purpurea	20250715095415	7.113327	46.032734	1	73007	dbgi_006631	Émilie Lab	2025-08-12T11:52:24.091Z
matched	73167	dbgi_272	potentilla repens	20250715095604	7.113323	46.03274	1	73008	dbgi_006673	Émilie Lab	2025-08-12T11:52:24.120Z
matched	73169	dbgi_274	polygomum amplexicaule	20250715101006	7.113291	46.032757	1	73010	dbgi_006672	Émilie Lab	2025-08-12T11:52:24.182Z
matched	73170	dbgi_275	centaurea simplicicaulis	20250715101234	7.113313	46.03273	1	73011	dbgi_006677	Émilie Lab	2025-08-12T11:52:24.216Z
matched	73173	dbgi_278	potentilla alba	20250715102151	7.113284	46.032753	1	73014	dbgi_006738	Émilie Lab	2025-08-12T11:52:24.307Z
matched	73176	dbgi_281	daphne pontica	20250715102811	7.113298	46.032764	1	73017	dbgi_006768	Émilie Lab	2025-08-12T11:52:24.402Z
matched	73177	dbgi_282	phleum phleoides	20250715103020	7.113342	46.032772	1	73018	dbgi_006763	Émilie Lab	2025-08-12T11:52:24.434Z
matched	73178	dbgi_283	festuca valesiaca	20250715103211	7.113316	46.032753	1	73019	dbgi_006747	Émilie Lab	2025-08-12T11:52:24.464Z
matched	73179	dbgi_284	koeleria vallesiana	20250715103401	7.113348	46.032753	1	73020	dbgi_006739	Émilie Lab	2025-08-12T11:52:24.498Z
matched	73180	dbgi_285	koeleria macrantha	20250715104019	7.113301	46.03278	1	73021	dbgi_006711	Émilie Lab	2025-08-12T11:52:24.529Z
matched	73181	dbgi_286	festuca curvula	20250715104204	7.113296	46.03278	1	73022	dbgi_006634	Émilie Lab	2025-08-12T11:52:24.559Z
matched	73182	dbgi_287	euphorbia seguieriana	20250715104341	7.113301	46.03278	1	73023	dbgi_006745	Émilie Lab	2025-08-12T11:52:24.589Z
matched	73183	dbgi_288	potentilla verna	20250715104521	7.113316	46.032784	1	73024	dbgi_006764	Émilie Lab	2025-08-12T11:52:24.619Z
matched	73185	dbgi_290	bothriochloa ischaemum	20250715105332	7.113317	46.03279	1	73026	dbgi_006759	Émilie Lab	2025-08-12T11:52:24.686Z
matched	73186	dbgi_291	thymus praecox	20250715105533	7.113344	46.032784	1	73027	dbgi_006753	Émilie Lab	2025-08-12T11:52:24.713Z
matched	73187	dbgi_292	centaurea scabiosa	20250715105932	7.113295	46.032787	1	73028	dbgi_006706	Émilie Lab	2025-08-12T11:52:24.745Z
matched	73189	dbgi_294	nepeta nuda	20250715110451	7.113305	46.03281	1	73030	dbgi_007155	Émilie Lab	2025-08-12T11:52:24.807Z
matched	73190	dbgi_295	artemisia campestris	20250715110618	7.113328	46.032795	1	73031	dbgi_007130	Émilie Lab	2025-08-12T11:52:24.838Z
matched	73191	dbgi_296	cerastium argenteum	20250715111120	7.113335	46.03281	1	73032	dbgi_006904	Émilie Lab	2025-08-12T11:52:24.867Z
matched	73192	dbgi_297	artemisia vallesiaca	20250715111450	7.113306	46.03276	1	73033	dbgi_006726	Émilie Lab	2025-08-12T11:52:24.896Z
matched	73193	dbgi_298	carex humilis	20250715113125	7.113318	46.03277	1	73034	dbgi_006856	Émilie Lab	2025-08-12T11:52:24.934Z
matched	73194	dbgi_299	onosma pseudoarenaria	20250715113409	7.113277	46.03278	1	73035	dbgi_006743	Émilie Lab	2025-08-12T11:52:24.964Z
matched	73195	dbgi_300	viola rupestris	20250715113614	7.113283	46.03278	1	73036	dbgi_006762	Émilie Lab	2025-08-12T11:52:24.999Z
matched	73196	dbgi_301	molinia arundinacea	20250715113931	7.11322	46.032776	1	73037	dbgi_006707	Émilie Lab	2025-08-12T11:52:25.032Z
matched	73197	dbgi_302	ephedra helvetica	20250715114901	7.11329	46.03277	1	73038	dbgi_006781	Émilie Lab	2025-08-12T11:52:25.065Z
matched	73198	dbgi_303	teucrium montanum	20250715115125	7.113314	46.03277	1	73039	dbgi_006841	Émilie Lab	2025-08-12T11:52:25.097Z
matched	73199	dbgi_304	stipa eriocaulis	20250715115405	7.11329	46.032784	1	73040	dbgi_006842	Émilie Lab	2025-08-12T11:52:25.129Z
matched	73200	dbgi_305	hieracium bombycinum	20250715083931	7.113289	46.0327	1	73096	dbgi_006690	Mazzarine Laboureau	2025-08-12T11:52:25.158Z
matched	73201	dbgi_306	erica carnea	20250715090407	7.113303	46.0327	1	73097	dbgi_007136	Mazzarine Laboureau	2025-08-12T11:52:25.186Z
matched	73202	dbgi_307	eriophyllum arachnoideum	20250715090759	7.113332	46.032707	1	73098	dbgi_007167	Mazzarine Laboureau	2025-08-12T11:52:25.221Z
matched	73203	dbgi_308	cotoneaster congesta	20250715091114	7.113323	46.03271	1	73099	dbgi_006719	Mazzarine Laboureau	2025-08-12T11:52:25.250Z
matched	73204	dbgi_309	genista germanica	20250715091345	7.113305	46.032707	1	73100	dbgi_007119	Mazzarine Laboureau	2025-08-12T11:52:25.283Z
matched	73205	dbgi_310	gladiolus imbricatus	20250715091812	7.113284	46.03271	1	73101	dbgi_007174	Mazzarine Laboureau	2025-08-12T11:52:25.313Z
matched	73206	dbgi_311	armeria arenaria	20250715092118	7.113291	46.032715	1	73102	dbgi_007143	Mazzarine Laboureau	2025-08-12T11:52:25.346Z
matched	73207	dbgi_312	potentilla alba	20250715092339	7.113276	46.032707	1	73103	dbgi_007144	Mazzarine Laboureau	2025-08-12T11:52:25.380Z
matched	73208	dbgi_313	cytisus nigricans	20250715092638	7.113238	46.032726	1	73104	dbgi_006970	Mazzarine Laboureau	2025-08-12T11:52:25.418Z
matched	73209	dbgi_314	potentilla speciosa	20250715092946	7.113255	46.03273	1	73105	dbgi_006944	Mazzarine Laboureau	2025-08-12T11:52:25.451Z
matched	73210	dbgi_315	dianthus simulans	20250715093238	7.113274	46.03273	1	73106	dbgi_007175	Mazzarine Laboureau	2025-08-12T11:52:25.488Z
matched	73211	dbgi_316	asclepias syriaca	20250715093654	7.113284	46.032738	1	73107	dbgi_006610	Mazzarine Laboureau	2025-08-12T11:52:25.522Z
matched	73212	dbgi_317	cytisus sessilifolius	20250715093858	7.113268	46.032738	1	73108	dbgi_006609	Mazzarine Laboureau	2025-08-12T11:52:25.561Z
matched	73215	dbgi_320	prunella hyssopifolia	20250715095025	7.113195	46.032753	1	73111	dbgi_007150	Mazzarine Laboureau	2025-08-12T11:52:25.662Z
matched	73216	dbgi_321	alchemilla conjuncta	20250715095346	7.113198	46.032764	1	73112	dbgi_006605	Mazzarine Laboureau	2025-08-12T11:52:25.696Z
matched	73217	dbgi_322	hebe lindsayi	20250715095613	7.11318	46.032757	1	73113	dbgi_006618	Mazzarine Laboureau	2025-08-12T11:52:25.729Z
matched	73218	dbgi_323	molinia caerulea	20250715095802	7.113183	46.032745	1	73114	dbgi_006612	Mazzarine Laboureau	2025-08-12T11:52:25.760Z
matched	73219	dbgi_324	potentilla fruticosa	20250715100414	7.113187	46.032726	1	73115	dbgi_004139	Mazzarine Laboureau	2025-08-12T11:52:25.797Z
matched	73220	dbgi_325	festuca quadriflora	20250715100714	7.113176	46.03272	1	73116	dbgi_006608	Mazzarine Laboureau	2025-08-12T11:52:25.830Z
matched	73222	dbgi_327	gentiana asclepiadea	20250715101933	7.113213	46.032722	1	73118	dbgi_007081	Mazzarine Laboureau	2025-08-12T11:52:25.896Z
matched	73223	dbgi_328	iris missouriensis	20250715102146	7.113194	46.032734	1	73119	dbgi_007061	Mazzarine Laboureau	2025-08-12T11:52:25.930Z
matched	73224	dbgi_329	dryas octopetala	20250715102407	7.113222	46.032722	1	73120	dbgi_007046	Mazzarine Laboureau	2025-08-12T11:52:25.963Z
matched	73225	dbgi_330	dianthus gratianapolitanus	20250715102539	7.113233	46.032722	1	73121	dbgi_007060	Mazzarine Laboureau	2025-08-12T11:52:26.001Z
matched	73226	dbgi_331	rosa majalis	20250715103208	7.113414	46.03275	1	73122	dbgi_007063	Mazzarine Laboureau	2025-08-12T11:52:26.033Z
matched	73227	dbgi_332	prunella grandiflora	20250715103704	7.11341	46.032757	1	73123	dbgi_007050	Mazzarine Laboureau	2025-08-12T11:52:26.070Z
matched	73229	dbgi_334	gentiana cruciata	20250715105307	7.113394	46.03275	1	73125	dbgi_007043	Mazzarine Laboureau	2025-08-12T11:52:26.141Z
matched	73230	dbgi_335	rosa coriifolia	20250715105419	7.113409	46.032764	1	73126	dbgi_007139	Mazzarine Laboureau	2025-08-12T11:52:26.177Z
matched	73231	dbgi_336	inula salicina	20250715105545	7.113406	46.03277	1	73127	dbgi_007039	Mazzarine Laboureau	2025-08-12T11:52:26.208Z
matched	73234	dbgi_339	quercus pubescens	20250715110317	7.113373	46.032795	1	73130	dbgi_007057	Mazzarine Laboureau	2025-08-12T11:52:26.314Z
matched	73235	dbgi_340	rosa micrantha	20250715110519	7.113385	46.032803	1	73131	dbgi_007142	Mazzarine Laboureau	2025-08-12T11:52:26.353Z
matched	73236	dbgi_341	sorbus aucuparia	20250715110700	7.113405	46.032818	1	73132	dbgi_007048	Mazzarine Laboureau	2025-08-12T11:52:26.394Z
matched	73237	dbgi_342	arnica montana	20250715110852	7.113385	46.032818	1	73133	dbgi_007054	Mazzarine Laboureau	2025-08-12T11:52:26.424Z
matched	73238	dbgi_343	rosa subcanina	20250715111049	7.113376	46.032814	1	73134	dbgi_007058	Mazzarine Laboureau	2025-08-12T11:52:26.459Z
matched	73239	dbgi_344	campanula barbata	20250715111357	7.11342	46.032875	1	73135	dbgi_007080	Mazzarine Laboureau	2025-08-12T11:52:26.498Z
matched	73240	dbgi_345	luzula nivea	20250715111542	7.113406	46.03289	1	73136	dbgi_007051	Mazzarine Laboureau	2025-08-12T11:52:26.531Z
matched	73241	dbgi_346	festuca paniculata	20250715111729	7.113317	46.0328	1	73137	dbgi_007138	Mazzarine Laboureau	2025-08-12T11:52:26.569Z
matched	73242	dbgi_347	vaccinium vitis-idaea	20250715111945	7.113325	46.03279	1	73138	dbgi_007053	Mazzarine Laboureau	2025-08-12T11:52:26.605Z
matched	73243	dbgi_348	juniperus communis	20250715112503	7.113308	46.032784	1	73139	dbgi_007044	Mazzarine Laboureau	2025-08-12T11:52:26.636Z
matched	73244	dbgi_349	koeleria macrantha	20250715112920	7.113279	46.032776	1	73140	dbgi_007084	Mazzarine Laboureau	2025-08-12T11:52:26.675Z
matched	73245	dbgi_350	sempervivum tectorum	20250715113204	7.113264	46.032776	1	73141	dbgi_007055	Mazzarine Laboureau	2025-08-12T11:52:26.709Z
matched	73246	dbgi_351	potentilla pusilla	20250715113453	7.113251	46.032776	1	73142	dbgi_007062	Mazzarine Laboureau	2025-08-12T11:52:26.741Z
matched	73247	dbgi_352	dracocephalum ruyschiana	20250715113807	7.113255	46.03278	1	73143	dbgi_007091	Mazzarine Laboureau	2025-08-12T11:52:26.780Z
matched	73248	dbgi_353	ranunculus gramineus	20250715114543	7.113295	46.03278	1	73144	dbgi_006826	Mazzarine Laboureau	2025-08-12T11:52:26.816Z
matched	73270	dbgi_354	hippophae rhamnoides	20250715083825	7.113455	46.032642	1	72986	dbgi_006943	Émilie Lab	2025-08-12T11:52:27.544Z
matched	73271	dbgi_355	centaurea nigra	20250715084018	7.113466	46.03265	1	72987	dbgi_006729	Émilie Lab	2025-08-12T11:52:27.573Z
matched	73273	dbgi_357	hemerocallis multiflora	20250715090513	7.113399	46.032627	1	72989	dbgi_006600	Émilie Lab	2025-08-12T11:52:27.641Z
matched	73274	dbgi_358	centaurea nigrescens	20250715090643	7.113388	46.032623	1	72990	dbgi_006679	Émilie Lab	2025-08-12T11:52:27.671Z
matched	73275	dbgi_359	dianthus seguieri	20250715090830	7.113366	46.03262	1	72991	dbgi_006687	Émilie Lab	2025-08-12T11:52:27.708Z
matched	73276	dbgi_360	penstemon cobaea	20250715091435	7.113386	46.03275	1	72992	dbgi_006668	Émilie Lab	2025-08-12T11:52:27.744Z
matched	73279	dbgi_363	hieracium bornmuelleri	20250715092138	7.113387	46.032764	1	72995	dbgi_006688	Émilie Lab	2025-08-12T11:52:27.838Z
matched	73282	dbgi_366	calamintha menthifolia	20250715093106	7.113357	46.032753	1	72998	dbgi_006657	Émilie Lab	2025-08-12T11:52:27.928Z
matched	73283	dbgi_367	genista germanica	20250715093444	7.113338	46.032738	1	72999	dbgi_006674	Émilie Lab	2025-08-12T11:52:27.957Z
matched	73286	dbgi_370	morina longifolia	20250715094212	7.113324	46.032722	1	73002	dbgi_006680	Émilie Lab	2025-08-12T11:52:28.047Z
matched	73288	dbgi_372	zizia aptera	20250715094754	7.113337	46.032738	1	73004	dbgi_006664	Émilie Lab	2025-08-12T11:52:28.111Z
matched	73289	dbgi_373	paeonia daurica	20250715095004	7.11335	46.03276	1	73005	dbgi_006676	Émilie Lab	2025-08-12T11:52:28.147Z
matched	73290	dbgi_374	erigeron belligifolius	20250715095224	7.11332	46.03274	1	73006	dbgi_006666	Émilie Lab	2025-08-12T11:52:28.177Z
matched	73291	dbgi_375	knautia purpurea	20250715095415	7.113327	46.032734	1	73007	dbgi_006631	Émilie Lab	2025-08-12T11:52:28.207Z
matched	73292	dbgi_376	potentilla repens	20250715095604	7.113323	46.03274	1	73008	dbgi_006673	Émilie Lab	2025-08-12T11:52:28.242Z
matched	73294	dbgi_378	polygomum amplexicaule	20250715101006	7.113291	46.032757	1	73010	dbgi_006672	Émilie Lab	2025-08-12T11:52:28.308Z
matched	73295	dbgi_379	centaurea simplicicaulis	20250715101234	7.113313	46.03273	1	73011	dbgi_006677	Émilie Lab	2025-08-12T11:52:28.338Z
matched	73298	dbgi_382	potentilla alba	20250715102151	7.113284	46.032753	1	73014	dbgi_006738	Émilie Lab	2025-08-12T11:52:28.431Z
matched	73301	dbgi_385	daphne pontica	20250715102811	7.113298	46.032764	1	73017	dbgi_006768	Émilie Lab	2025-08-12T11:52:28.523Z
matched	73302	dbgi_386	phleum phleoides	20250715103020	7.113342	46.032772	1	73018	dbgi_006763	Émilie Lab	2025-08-12T11:52:28.558Z
matched	73303	dbgi_387	festuca valesiaca	20250715103211	7.113316	46.032753	1	73019	dbgi_006747	Émilie Lab	2025-08-12T11:52:28.587Z
matched	73304	dbgi_388	koeleria vallesiana	20250715103401	7.113348	46.032753	1	73020	dbgi_006739	Émilie Lab	2025-08-12T11:52:28.618Z
matched	73305	dbgi_389	koeleria macrantha	20250715104019	7.113301	46.03278	1	73021	dbgi_006711	Émilie Lab	2025-08-12T11:52:28.648Z
matched	73306	dbgi_390	festuca curvula	20250715104204	7.113296	46.03278	1	73022	dbgi_006634	Émilie Lab	2025-08-12T11:52:28.678Z
matched	73307	dbgi_391	euphorbia seguieriana	20250715104341	7.113301	46.03278	1	73023	dbgi_006745	Émilie Lab	2025-08-12T11:52:28.710Z
matched	73308	dbgi_392	potentilla verna	20250715104521	7.113316	46.032784	1	73024	dbgi_006764	Émilie Lab	2025-08-12T11:52:28.742Z
matched	73310	dbgi_394	bothriochloa ischaemum	20250715105332	7.113317	46.03279	1	73026	dbgi_006759	Émilie Lab	2025-08-12T11:52:28.810Z
matched	73311	dbgi_395	thymus praecox	20250715105533	7.113344	46.032784	1	73027	dbgi_006753	Émilie Lab	2025-08-12T11:52:28.841Z
matched	73312	dbgi_396	centaurea scabiosa	20250715105932	7.113295	46.032787	1	73028	dbgi_006706	Émilie Lab	2025-08-12T11:52:28.875Z
matched	73314	dbgi_398	nepeta nuda	20250715110451	7.113305	46.03281	1	73030	dbgi_007155	Émilie Lab	2025-08-12T11:52:28.941Z
matched	73315	dbgi_399	artemisia campestris	20250715110618	7.113328	46.032795	1	73031	dbgi_007130	Émilie Lab	2025-08-12T11:52:28.970Z
matched	73316	dbgi_400	cerastium argenteum	20250715111120	7.113335	46.03281	1	73032	dbgi_006904	Émilie Lab	2025-08-12T11:52:29.000Z
matched	73317	dbgi_401	artemisia vallesiaca	20250715111450	7.113306	46.03276	1	73033	dbgi_006726	Émilie Lab	2025-08-12T11:52:29.034Z
matched	73318	dbgi_402	carex humilis	20250715113125	7.113318	46.03277	1	73034	dbgi_006856	Émilie Lab	2025-08-12T11:52:29.061Z
matched	73319	dbgi_403	onosma pseudoarenaria	20250715113409	7.113277	46.03278	1	73035	dbgi_006743	Émilie Lab	2025-08-12T11:52:29.096Z
matched	73320	dbgi_404	viola rupestris	20250715113614	7.113283	46.03278	1	73036	dbgi_006762	Émilie Lab	2025-08-12T11:52:29.126Z
matched	73321	dbgi_405	molinia arundinacea	20250715113931	7.11322	46.032776	1	73037	dbgi_006707	Émilie Lab	2025-08-12T11:52:29.164Z
matched	73322	dbgi_406	ephedra helvetica	20250715114901	7.11329	46.03277	1	73038	dbgi_006781	Émilie Lab	2025-08-12T11:52:29.196Z
matched	73323	dbgi_407	teucrium montanum	20250715115125	7.113314	46.03277	1	73039	dbgi_006841	Émilie Lab	2025-08-12T11:52:29.234Z
matched	73324	dbgi_408	stipa eriocaulis	20250715115405	7.11329	46.032784	1	73040	dbgi_006842	Émilie Lab	2025-08-12T11:52:29.263Z
matched	73325	dbgi_409	hieracium bombycinum	20250715083931	7.113289	46.0327	1	73096	dbgi_006690	Mazzarine Laboureau	2025-08-12T11:52:29.299Z
matched	73326	dbgi_410	erica carnea	20250715090407	7.113303	46.0327	1	73097	dbgi_007136	Mazzarine Laboureau	2025-08-12T11:52:29.331Z
matched	73327	dbgi_411	eriophyllum arachnoideum	20250715090759	7.113332	46.032707	1	73098	dbgi_007167	Mazzarine Laboureau	2025-08-12T11:52:29.365Z
matched	73328	dbgi_412	cotoneaster congesta	20250715091114	7.113323	46.03271	1	73099	dbgi_006719	Mazzarine Laboureau	2025-08-12T11:52:29.398Z
matched	73329	dbgi_413	genista germanica	20250715091345	7.113305	46.032707	1	73100	dbgi_007119	Mazzarine Laboureau	2025-08-12T11:52:29.429Z
matched	73330	dbgi_414	gladiolus imbricatus	20250715091812	7.113284	46.03271	1	73101	dbgi_007174	Mazzarine Laboureau	2025-08-12T11:52:29.460Z
matched	73331	dbgi_415	armeria arenaria	20250715092118	7.113291	46.032715	1	73102	dbgi_007143	Mazzarine Laboureau	2025-08-12T11:52:29.489Z
matched	73332	dbgi_416	potentilla alba	20250715092339	7.113276	46.032707	1	73103	dbgi_007144	Mazzarine Laboureau	2025-08-12T11:52:29.516Z
matched	73333	dbgi_417	cytisus nigricans	20250715092638	7.113238	46.032726	1	73104	dbgi_006970	Mazzarine Laboureau	2025-08-12T11:52:29.551Z
matched	73334	dbgi_418	potentilla speciosa	20250715092946	7.113255	46.03273	1	73105	dbgi_006944	Mazzarine Laboureau	2025-08-12T11:52:29.579Z
matched	73335	dbgi_419	dianthus simulans	20250715093238	7.113274	46.03273	1	73106	dbgi_007175	Mazzarine Laboureau	2025-08-12T11:52:29.613Z
matched	73336	dbgi_420	asclepias syriaca	20250715093654	7.113284	46.032738	1	73107	dbgi_006610	Mazzarine Laboureau	2025-08-12T11:52:29.643Z
matched	73337	dbgi_421	cytisus sessilifolius	20250715093858	7.113268	46.032738	1	73108	dbgi_006609	Mazzarine Laboureau	2025-08-12T11:52:29.682Z
matched	73340	dbgi_424	prunella hyssopifolia	20250715095025	7.113195	46.032753	1	73111	dbgi_007150	Mazzarine Laboureau	2025-08-12T11:52:29.778Z
matched	73341	dbgi_425	alchemilla conjuncta	20250715095346	7.113198	46.032764	1	73112	dbgi_006605	Mazzarine Laboureau	2025-08-12T11:52:29.811Z
matched	73342	dbgi_426	hebe lindsayi	20250715095613	7.11318	46.032757	1	73113	dbgi_006618	Mazzarine Laboureau	2025-08-12T11:52:29.844Z
matched	73343	dbgi_427	molinia caerulea	20250715095802	7.113183	46.032745	1	73114	dbgi_006612	Mazzarine Laboureau	2025-08-12T11:52:29.875Z
matched	73344	dbgi_428	potentilla fruticosa	20250715100414	7.113187	46.032726	1	73115	dbgi_004139	Mazzarine Laboureau	2025-08-12T11:52:29.915Z
matched	73345	dbgi_429	festuca quadriflora	20250715100714	7.113176	46.03272	1	73116	dbgi_006608	Mazzarine Laboureau	2025-08-12T11:52:29.945Z
matched	73347	dbgi_431	gentiana asclepiadea	20250715101933	7.113213	46.032722	1	73118	dbgi_007081	Mazzarine Laboureau	2025-08-12T11:52:30.012Z
matched	73348	dbgi_432	iris missouriensis	20250715102146	7.113194	46.032734	1	73119	dbgi_007061	Mazzarine Laboureau	2025-08-12T11:52:30.046Z
matched	73349	dbgi_433	dryas octopetala	20250715102407	7.113222	46.032722	1	73120	dbgi_007046	Mazzarine Laboureau	2025-08-12T11:52:30.079Z
matched	73350	dbgi_434	dianthus gratianapolitanus	20250715102539	7.113233	46.032722	1	73121	dbgi_007060	Mazzarine Laboureau	2025-08-12T11:52:30.110Z
matched	73351	dbgi_435	rosa majalis	20250715103208	7.113414	46.03275	1	73122	dbgi_007063	Mazzarine Laboureau	2025-08-12T11:52:30.141Z
matched	73352	dbgi_436	prunella grandiflora	20250715103704	7.11341	46.032757	1	73123	dbgi_007050	Mazzarine Laboureau	2025-08-12T11:52:30.171Z
matched	73354	dbgi_438	gentiana cruciata	20250715105307	7.113394	46.03275	1	73125	dbgi_007043	Mazzarine Laboureau	2025-08-12T11:52:30.249Z
matched	73355	dbgi_439	rosa coriifolia	20250715105419	7.113409	46.032764	1	73126	dbgi_007139	Mazzarine Laboureau	2025-08-12T11:52:30.273Z
matched	73356	dbgi_440	inula salicina	20250715105545	7.113406	46.03277	1	73127	dbgi_007039	Mazzarine Laboureau	2025-08-12T11:52:30.309Z
matched	73359	dbgi_443	quercus pubescens	20250715110317	7.113373	46.032795	1	73130	dbgi_007057	Mazzarine Laboureau	2025-08-12T11:52:30.401Z
matched	73360	dbgi_444	rosa micrantha	20250715110519	7.113385	46.032803	1	73131	dbgi_007142	Mazzarine Laboureau	2025-08-12T11:52:30.438Z
matched	73361	dbgi_445	sorbus aucuparia	20250715110700	7.113405	46.032818	1	73132	dbgi_007048	Mazzarine Laboureau	2025-08-12T11:52:30.476Z
matched	73362	dbgi_446	arnica montana	20250715110852	7.113385	46.032818	1	73133	dbgi_007054	Mazzarine Laboureau	2025-08-12T11:52:30.513Z
matched	73363	dbgi_447	rosa subcanina	20250715111049	7.113376	46.032814	1	73134	dbgi_007058	Mazzarine Laboureau	2025-08-12T11:52:30.542Z
matched	73364	dbgi_448	campanula barbata	20250715111357	7.11342	46.032875	1	73135	dbgi_007080	Mazzarine Laboureau	2025-08-12T11:52:30.573Z
matched	73365	dbgi_449	luzula nivea	20250715111542	7.113406	46.03289	1	73136	dbgi_007051	Mazzarine Laboureau	2025-08-12T11:52:30.605Z
matched	73366	dbgi_450	festuca paniculata	20250715111729	7.113317	46.0328	1	73137	dbgi_007138	Mazzarine Laboureau	2025-08-12T11:52:30.633Z
matched	73367	dbgi_451	vaccinium vitis-idaea	20250715111945	7.113325	46.03279	1	73138	dbgi_007053	Mazzarine Laboureau	2025-08-12T11:52:30.667Z
matched	73368	dbgi_452	juniperus communis	20250715112503	7.113308	46.032784	1	73139	dbgi_007044	Mazzarine Laboureau	2025-08-12T11:52:30.701Z
matched	73369	dbgi_453	koeleria macrantha	20250715112920	7.113279	46.032776	1	73140	dbgi_007084	Mazzarine Laboureau	2025-08-12T11:52:30.733Z
matched	73370	dbgi_454	sempervivum tectorum	20250715113204	7.113264	46.032776	1	73141	dbgi_007055	Mazzarine Laboureau	2025-08-12T11:52:30.760Z
matched	73371	dbgi_455	potentilla pusilla	20250715113453	7.113251	46.032776	1	73142	dbgi_007062	Mazzarine Laboureau	2025-08-12T11:52:30.796Z
matched	73372	dbgi_456	dracocephalum ruyschiana	20250715113807	7.113255	46.03278	1	73143	dbgi_007091	Mazzarine Laboureau	2025-08-12T11:52:30.825Z
matched	73373	dbgi_457	ranunculus gramineus	20250715114543	7.113295	46.03278	1	73144	dbgi_006826	Mazzarine Laboureau	2025-08-12T11:52:30.856Z
matched	73374	dbgi_458	juniperus sabina	20250715130019	7.113226	46.032776	1	73249	dbgi_006827	Émilie Lab	2025-08-12T11:52:30.890Z
matched	73375	dbgi_459	lonicera etrusca	20250715130401	7.113276	46.032784	1	73250	dbgi_006851	Émilie Lab	2025-08-12T11:52:30.923Z
matched	73377	dbgi_461	rosa sherardii	20250715131119	7.113231	46.032757	1	73252	dbgi_006782	Émilie Lab	2025-08-12T11:52:30.986Z
matched	73378	dbgi_462	anemone rivularis	20250715131340	7.113207	46.03278	1	73253	dbgi_006780	Émilie Lab	2025-08-12T11:52:31.023Z
matched	73379	dbgi_463	catananche caerulea	20250715131546	7.113201	46.03279	1	73254	dbgi_007172	Émilie Lab	2025-08-12T11:52:31.053Z
matched	73380	dbgi_464	helictotrichon sempervirens	20250715131802	7.113181	46.032787	1	73255	dbgi_006840	Émilie Lab	2025-08-12T11:52:31.085Z
matched	73381	dbgi_465	viola suavis	20250715131959	7.113175	46.032795	1	73256	dbgi_006824	Émilie Lab	2025-08-12T11:52:31.115Z
matched	73382	dbgi_466	iris lutescens	20250715132321	7.113179	46.032803	1	73257	dbgi_006850	Émilie Lab	2025-08-12T11:52:31.149Z
matched	73384	dbgi_468	potentilla neumanniana	20250715132837	7.113146	46.03278	1	73259	dbgi_006921	Émilie Lab	2025-08-12T11:52:31.213Z
matched	73385	dbgi_469	crepis albida	20250715133038	7.113175	46.032818	1	73260	dbgi_006839	Émilie Lab	2025-08-12T11:52:31.242Z
matched	73386	dbgi_470	sedum aizoon	20250715133449	7.113126	46.03284	1	73261	dbgi_006847	Émilie Lab	2025-08-12T11:52:31.270Z
matched	73387	dbgi_471	galium verum	20250715133628	7.113133	46.032856	1	73262	dbgi_006849	Émilie Lab	2025-08-12T11:52:31.305Z
matched	73388	dbgi_472	genista sylvestris	20250715133918	7.113096	46.032845	1	73263	dbgi_006816	Émilie Lab	2025-08-12T11:52:31.337Z
matched	73391	dbgi_475	iris pseudacorus	20250715135057	7.113086	46.03287	1	73266	dbgi_006853	Émilie Lab	2025-08-12T11:52:31.445Z
matched	73393	dbgi_477	cirsium eriophorum	20250715135521	7.11306	46.032898	1	73268	dbgi_006825	Émilie Lab	2025-08-12T11:52:31.510Z
matched	73394	dbgi_478	symphoricarpos albus	20250715140019	7.113022	46.032936	1	73269	dbgi_006717	Émilie Lab	2025-08-12T11:52:31.546Z
unmatched	72589	dbgi_23		20250625100221	7.1130457	46.032677	0			Émilie Lab	2025-08-12T11:52:05.341Z
unmatched	72611	dbgi_45		20250625113133	7.11348	46.03264	0			Émilie Lab	2025-08-12T11:52:06.012Z
unmatched	72621	dbgi_48		20250625093007	7.1130853	46.03262	0			Mazzarine Laboureau	2025-08-12T11:52:06.339Z
unmatched	72687	dbgi_72		20250625100221	7.1130457	46.032677	0			Émilie Lab	2025-08-12T11:52:08.501Z
unmatched	72709	dbgi_94		20250625113133	7.11348	46.03264	0			Émilie Lab	2025-08-12T11:52:09.237Z
unmatched	72719	dbgi_104		20250625093007	7.1130853	46.03262	0			Mazzarine Laboureau	2025-08-12T11:52:09.582Z
unmatched	72721	dbgi_106		20250625093423	7.1130934	46.032623	0			Mazzarine Laboureau	2025-08-12T11:52:09.647Z
unmatched	72722	dbgi_107		20250625093736	7.1130924	46.03262	0			Mazzarine Laboureau	2025-08-12T11:52:09.676Z
unmatched	72742	dbgi_127		20250625104818	7.1132317	46.03257	0			Mazzarine Laboureau	2025-08-12T11:52:10.331Z
unmatched	72747	dbgi_132		20250625110240	7.113254	46.03257	0			Mazzarine Laboureau	2025-08-12T11:52:10.488Z
unmatched	72749	dbgi_134		20250625110952	7.1133523	46.03261	0			Mazzarine Laboureau	2025-08-12T11:52:10.550Z
unmatched	72753	dbgi_138		20250625112705	7.113324	46.0326	0			Mazzarine Laboureau	2025-08-12T11:52:10.679Z
unmatched	72808	dbgi_158		20250707143232	7.1133013	46.032642	0			Émilie Lab	2025-08-12T11:52:12.417Z
unmatched	72813	dbgi_163		20250707144359	7.1132507	46.03261	0			Émilie Lab	2025-08-12T11:52:12.596Z
unmatched	72839	dbgi_180	helictotrichon sedenense	20250707142830	7.113177	46.0326	0			Mazzarine Laboureau	2025-08-12T11:52:13.462Z
unmatched	72841	dbgi_181	rhododendron schlippenbachii	20250707143217	7.113163	46.032616	0			Mazzarine Laboureau	2025-08-12T11:52:13.523Z
unmatched	72845	dbgi_182	hieracium laticeps	20250707144526	7.113192	46.032597	0			Mazzarine Laboureau	2025-08-12T11:52:13.652Z
unmatched	72846	dbgi_183	dianthus monspessulanus	20250707144713	7.113198	46.032604	0			Mazzarine Laboureau	2025-08-12T11:52:13.687Z
unmatched	72847	dbgi_184	festuca carpatica	20250707144917	7.11321	46.032604	0			Mazzarine Laboureau	2025-08-12T11:52:13.722Z
unmatched	72850	dbgi_185	chamaecytisus purpureus	20250707145558	7.113145	46.032616	0			Mazzarine Laboureau	2025-08-12T11:52:13.821Z
unmatched	72852	dbgi_186	thymus praecox	20250707150751	7.113267	46.032665	0			Mazzarine Laboureau	2025-08-12T11:52:13.881Z
unmatched	72854	dbgi_187		20250707151601	7.113362	46.032692	0			Mazzarine Laboureau	2025-08-12T11:52:13.949Z
unmatched	72855	dbgi_188		20250707151948	7.113392	46.03268	0			Mazzarine Laboureau	2025-08-12T11:52:13.982Z
unmatched	72859	dbgi_189		20250707153337	7.11342	46.032722	0			Mazzarine Laboureau	2025-08-12T11:52:14.112Z
unmatched	72948	dbgi_190	phlodouglasii hook.	20250714154842	7.112868	46.03276	0			Mazzarine Laboureau	2025-08-12T11:52:17.047Z
unmatched	72949	dbgi_191	taxus cuspidata	20250714155220	7.112901	46.03278	0			Mazzarine Laboureau	2025-08-12T11:52:17.076Z
unmatched	72951	dbgi_192	saxifraga lingulata	20250714155801	7.112903	46.032787	0			Mazzarine Laboureau	2025-08-12T11:52:17.142Z
unmatched	72956	dbgi_193	androsace foliosa	20250714162049	7.113029	46.032795	0			Mazzarine Laboureau	2025-08-12T11:52:17.291Z
unmatched	72962	dbgi_194	gentiana macrophylla	20250714163621	7.113048	46.032814	0			Mazzarine Laboureau	2025-08-12T11:52:17.486Z
unmatched	73043	dbgi_197		20250715090257	7.113402	46.032673	0			Émilie Lab	2025-08-12T11:52:20.160Z
unmatched	73048	dbgi_202		20250715091648	7.113373	46.032745	0			Émilie Lab	2025-08-12T11:52:20.328Z
unmatched	73049	dbgi_203		20250715091919	7.1133943	46.03276	0			Émilie Lab	2025-08-12T11:52:20.363Z
unmatched	73051	dbgi_205		20250715092516	7.113348	46.032734	0			Émilie Lab	2025-08-12T11:52:20.441Z
unmatched	73052	dbgi_206		20250715092745	7.113337	46.032745	0			Émilie Lab	2025-08-12T11:52:20.470Z
unmatched	73055	dbgi_209		20250715093654	7.113338	46.03276	0			Émilie Lab	2025-08-12T11:52:20.574Z
unmatched	73056	dbgi_210		20250715094018	7.113326	46.032734	0			Émilie Lab	2025-08-12T11:52:20.609Z
unmatched	73058	dbgi_212		20250715094350	7.1133275	46.032726	0			Émilie Lab	2025-08-12T11:52:20.676Z
unmatched	73064	dbgi_218		20250715095827	7.113328	46.032745	0			Émilie Lab	2025-08-12T11:52:20.873Z
unmatched	73067	dbgi_221		20250715101449	7.1133265	46.03275	0			Émilie Lab	2025-08-12T11:52:20.968Z
unmatched	73068	dbgi_222		20250715101810	7.113307	46.032757	0			Émilie Lab	2025-08-12T11:52:21.000Z
unmatched	73070	dbgi_224		20250715102327	7.1133075	46.03277	0			Émilie Lab	2025-08-12T11:52:21.066Z
unmatched	73071	dbgi_225		20250715102612	7.113289	46.03276	0			Émilie Lab	2025-08-12T11:52:21.098Z
unmatched	73080	dbgi_234		20250715104921	7.1133103	46.032772	0			Émilie Lab	2025-08-12T11:52:21.387Z
unmatched	73084	dbgi_238		20250715110253	7.1133056	46.032787	0			Émilie Lab	2025-08-12T11:52:21.516Z
unmatched	73147	dbgi_252		20250715090257	7.113402	46.032673	0			Émilie Lab	2025-08-12T11:52:23.467Z
unmatched	73152	dbgi_257		20250715091648	7.113373	46.032745	0			Émilie Lab	2025-08-12T11:52:23.627Z
unmatched	73153	dbgi_258		20250715091919	7.1133943	46.03276	0			Émilie Lab	2025-08-12T11:52:23.661Z
unmatched	73155	dbgi_260		20250715092516	7.113348	46.032734	0			Émilie Lab	2025-08-12T11:52:23.727Z
unmatched	73156	dbgi_261		20250715092745	7.113337	46.032745	0			Émilie Lab	2025-08-12T11:52:23.758Z
unmatched	73159	dbgi_264		20250715093654	7.113338	46.03276	0			Émilie Lab	2025-08-12T11:52:23.860Z
unmatched	73160	dbgi_265		20250715094018	7.113326	46.032734	0			Émilie Lab	2025-08-12T11:52:23.893Z
unmatched	73162	dbgi_267		20250715094350	7.1133275	46.032726	0			Émilie Lab	2025-08-12T11:52:23.963Z
unmatched	73168	dbgi_273		20250715095827	7.113328	46.032745	0			Émilie Lab	2025-08-12T11:52:24.152Z
unmatched	73171	dbgi_276		20250715101449	7.1133265	46.03275	0			Émilie Lab	2025-08-12T11:52:24.248Z
unmatched	73172	dbgi_277		20250715101810	7.113307	46.032757	0			Émilie Lab	2025-08-12T11:52:24.275Z
unmatched	73174	dbgi_279		20250715102327	7.1133075	46.03277	0			Émilie Lab	2025-08-12T11:52:24.337Z
unmatched	73175	dbgi_280		20250715102612	7.113289	46.03276	0			Émilie Lab	2025-08-12T11:52:24.372Z
unmatched	73184	dbgi_289		20250715104921	7.1133103	46.032772	0			Émilie Lab	2025-08-12T11:52:24.656Z
unmatched	73188	dbgi_293		20250715110253	7.1133056	46.032787	0			Émilie Lab	2025-08-12T11:52:24.777Z
unmatched	73213	dbgi_318		20250715094307	7.1132407	46.032734	0			Mazzarine Laboureau	2025-08-12T11:52:25.592Z
unmatched	73214	dbgi_319		20250715094618	7.1132092	46.03276	0			Mazzarine Laboureau	2025-08-12T11:52:25.628Z
unmatched	73221	dbgi_326		20250715101416	7.1131816	46.032715	0			Mazzarine Laboureau	2025-08-12T11:52:25.868Z
unmatched	73228	dbgi_333		20250715105102	7.1134205	46.03276	0			Mazzarine Laboureau	2025-08-12T11:52:26.103Z
unmatched	73232	dbgi_337		20250715105855	7.1133966	46.032772	0			Mazzarine Laboureau	2025-08-12T11:52:26.243Z
unmatched	73233	dbgi_338		20250715110057	7.1133494	46.032776	0			Mazzarine Laboureau	2025-08-12T11:52:26.282Z
unmatched	73272	dbgi_356		20250715090257	7.113402	46.032673	0			Émilie Lab	2025-08-12T11:52:27.611Z
unmatched	73277	dbgi_361		20250715091648	7.113373	46.032745	0			Émilie Lab	2025-08-12T11:52:27.778Z
unmatched	73278	dbgi_362		20250715091919	7.1133943	46.03276	0			Émilie Lab	2025-08-12T11:52:27.807Z
unmatched	73280	dbgi_364		20250715092516	7.113348	46.032734	0			Émilie Lab	2025-08-12T11:52:27.870Z
unmatched	73281	dbgi_365		20250715092745	7.113337	46.032745	0			Émilie Lab	2025-08-12T11:52:27.897Z
unmatched	73284	dbgi_368		20250715093654	7.113338	46.03276	0			Émilie Lab	2025-08-12T11:52:27.988Z
unmatched	73285	dbgi_369		20250715094018	7.113326	46.032734	0			Émilie Lab	2025-08-12T11:52:28.015Z
unmatched	73287	dbgi_371		20250715094350	7.1133275	46.032726	0			Émilie Lab	2025-08-12T11:52:28.080Z
unmatched	73293	dbgi_377		20250715095827	7.113328	46.032745	0			Émilie Lab	2025-08-12T11:52:28.271Z
unmatched	73296	dbgi_380		20250715101449	7.1133265	46.03275	0			Émilie Lab	2025-08-12T11:52:28.369Z
unmatched	73297	dbgi_381		20250715101810	7.113307	46.032757	0			Émilie Lab	2025-08-12T11:52:28.402Z
unmatched	73299	dbgi_383		20250715102327	7.1133075	46.03277	0			Émilie Lab	2025-08-12T11:52:28.465Z
unmatched	73300	dbgi_384		20250715102612	7.113289	46.03276	0			Émilie Lab	2025-08-12T11:52:28.496Z
unmatched	73309	dbgi_393		20250715104921	7.1133103	46.032772	0			Émilie Lab	2025-08-12T11:52:28.780Z
unmatched	73313	dbgi_397		20250715110253	7.1133056	46.032787	0			Émilie Lab	2025-08-12T11:52:28.904Z
unmatched	73338	dbgi_422		20250715094307	7.1132407	46.032734	0			Mazzarine Laboureau	2025-08-12T11:52:29.712Z
unmatched	73339	dbgi_423		20250715094618	7.1132092	46.03276	0			Mazzarine Laboureau	2025-08-12T11:52:29.746Z
unmatched	73346	dbgi_430		20250715101416	7.1131816	46.032715	0			Mazzarine Laboureau	2025-08-12T11:52:29.979Z
unmatched	73353	dbgi_437		20250715105102	7.1134205	46.03276	0			Mazzarine Laboureau	2025-08-12T11:52:30.218Z
unmatched	73357	dbgi_441		20250715105855	7.1133966	46.032772	0			Mazzarine Laboureau	2025-08-12T11:52:30.339Z
unmatched	73358	dbgi_442		20250715110057	7.1133494	46.032776	0			Mazzarine Laboureau	2025-08-12T11:52:30.372Z
unmatched	73376	dbgi_460		20250715130601	7.1132092	46.032776	0			Émilie Lab	2025-08-12T11:52:30.955Z
unmatched	73383	dbgi_467		20250715132512	7.113179	46.032795	0			Émilie Lab	2025-08-12T11:52:31.181Z
unmatched	73389	dbgi_473		20250715134135	7.1130753	46.032867	0			Émilie Lab	2025-08-12T11:52:31.373Z
unmatched	73390	dbgi_474		20250715134517	7.1130853	46.032867	0			Émilie Lab	2025-08-12T11:52:31.405Z
unmatched	73392	dbgi_476		20250715135255	7.113135	46.032913	0			Émilie Lab	2025-08-12T11:52:31.476Z
